id,news,date
99,英国4月零售物价指数年率+2.5%，预期+2.6%，前值+2.5%；月率+0.4%，预期+0.5%，前值+0.2%。,2014/5/20 16:31
98,英国4月核心CPI年率+2.0%，创2013年9月以来最大升幅，预期+1.8%，前值+1.6%；月率+0.5%，预期+0.4%，前值+0.3%。,2014/5/20 16:33
97,英国3月DCLG房价指数年率+8.0%，预期+9.6%，前值+9.1%。,2014/5/20 16:44
96,英国4月生产者输入物价指数月率-1.1%，预期-0.2%，前值-0.4%；年率-5.5%，预期-4.9%，前值-6.3%。英国4月生产者输出物价指数月率持平，预期+0.2%，前值+0.2%；年率+0.6%，预期+0.7%，前值+0.5%。     ,2014/5/20 16:37
95,据世界黄金协会最新黄金需求趋势报告，一季度金条金币需求同比重挫39%至283吨，为四年来最低水平。,2014/5/20 16:48
94,第一季德国对俄罗斯出口下滑13%，主要受到汽车及机械出口大减的拖累，因乌克兰危机导致卢布贬值至纪录低位。,2014/5/20 16:58
93,中国电信4月运营数据显示，当月移动用户再度流失103万，总数降至1.8217亿户，2014年1月至4月份移动用户累计净减341万户。3G用户数仅新增83万，累计达1.0497亿。,2014/5/20 17:01
92,祝宝良：从目前PMI等诸多经济指标来看，二季度经济增速会和一季度差不多，加之4月份以来国家采取了一系列稳增长政策，下半年经济运行问题不大。　　,2014/5/20 17:06
91,发改委：中国将加快健全若干个区域性煤炭交易市场，逐步培育建成2至3个全国性煤炭交易市场，形成层次分明、功能齐全、手段先进、运行规范的煤炭交易市场体系。,2014/5/20 17:18
90,社科院日本经济蓝皮书课题组20日预测称，参照日本经验，可以判断：在中国目前的经济高速增长阶段，伴随着城市化、产业升级、人口增长和人口移动等因素的刺激，北京、上海、广州等特大城市，还可能会出现大大超过心理预期的房价疯涨。,2014/5/20 17:27
89,5月20日下午，深圳市市场监督管理局来到快播深圳总部，送达了对深圳市快播科技有限公司拟行政处罚听证通知书，拟对快播处以2.6亿元罚款。,2014/5/20 17:37
88,中俄签署联合声明，提出建立全面的中俄能源合作伙伴关系，进一步深化石油领域一揽子合作，尽快启动俄对华供应天然气，以开发俄境内煤矿和发展交通基础设施等方式扩大煤炭领域合作，积极研究在俄建设新发电设施，扩大对华电力出口。,2014/5/20 17:42
87,欧盟委员会指控摩根大通、汇丰银行、法国农业信贷银行操控汇率。 ,2014/5/20 17:48
86,汇丰控股遭欧盟指控操控汇率，股价在伦敦扩大跌幅至1.2%。,2014/5/20 17:51
85,俄罗斯莫斯科以南80公里发生两列火车相撞事故，已造成至少4人丧生，15人受伤。,2014/5/20 18:02
84,家得宝第一季度每股收益1.00美元，预估99美分。,2014/5/20 18:49
83,知情人士表示，欧央行将考虑每六周举行一次议息会议，而非每月一次。,2014/5/20 18:09
82,欧盟表示，将继续对LIBOR案件中的券商进行调查。,2014/5/20 18:10
81,OECD：OECD成员国一季度GDP季率+0.4%，前值+0.5%。欧元区第一季度GDP季率+0.2%，前值+0.2%。日本第一季度GDP增速飙升至1.5%，前值+0.1%，因消费者赶在上调消费税之前扩大购物活动。,2014/5/20 18:17
80,5月20日晚间证监会再发第二十二批7家预披露名单。其中，3家在上交所上市，3家在中小板上市，1家在创业板上市。加上此前二十一批披露的358家，目前已有365家企业披露招股说明书。,2014/5/20 18:26
79,新华社：中国和俄罗斯在反恐等方面将深化合作。,2014/5/20 18:37
78,澳新银行：黄金价格很难持续大幅走高，若突破区间震荡格局恐将走低。,2014/5/20 18:50
77,俄罗斯天然气工业公司和中国将就天然气交易继续谈判。,2014/5/20 18:51
76,俄罗斯天然气工业公司首席执行官Alexey Miller：公司和中国寻求妥协。,2014/5/20 18:54
75,史泰博(Staples)因美元走强、闭店盈利下跌44% 。,2014/5/20 18:58
74,俄罗斯央行：截至5月1日，俄罗斯黄金储备为3440万盎司。,2014/5/20 19:05
73,荷兰合作银行：英国央行料在2015年5月之后开始加息。,2014/5/20 19:07
72,3月期美元Libor升至0.22810%，周一报0.22695%。3月期欧元Libor报0.29286%，与周一持平 。3月期英镑Libor升至0.52775%，周一报0.52769%。,2014/5/20 19:08
71,美联储官员Todd Vermilyea周二称，美国各大银行尚未完全执行监管机构制定的“垃圾级”贷款的承销标准。今年新贷款的条款和结构继续恶化；根据市场数据判断，许多银行尚未完全执行跨机构指导原则中所设定的标准。,2014/5/20 19:15
70,俄罗斯总统普京提议取消部分出口至中国的天然气税项，他提出了取消向中国出口能源的天然气田的矿产开采税，这可能会降低中国的购买成本，此举旨在鼓励中国与俄罗斯签署一项重大的天然气供应协议。,2014/5/20 19:28
69,荷兰最大常温牛奶公司荷高牛奶GlobeMilk今日宣布，将正式进入中国市场，在中国销售常温奶。,2014/5/20 19:38
68,欧央行利卡宁：若货币市场利率上升，将有多个措施选项，包括SMP冲销、调整利率走廊、降息或者进行LTRO。 ,2014/5/20 19:52
67,德意志银行维持对唯品会(NYSE:VIPS)股票的“买入”评级，以及191美元的目标股价。,2014/5/20 19:56
66,界最大家装用品零售商家得宝（Home Depot）财报显示，截至5月4日的第一财季净盈利从上年同期的12.3亿美元，合每股83美分，增至13.8亿美元，合每股1美元。但调整后盈利不及市场预期。营收达196.9亿美元，也不及预期。,2014/5/20 19:58
65,中国（上海）自贸试验区管委会副主任朱民：上海自贸试验区自去年9月底挂牌以来，已累计设立862家外资企业，其中40%来自香港。,2014/5/20 20:03
64,俄罗斯4月工业产出年率+2.4%，预期+0.8%，前值+1.4%。,2014/5/20 20:05
63,俄罗斯总理梅德韦杰夫：美国总统奥巴马在调解与俄罗斯关系出现的危机中本可展现出更多的政治灵活性，美国现行政策把前些年所有“重启”成果化为乌有，并且朝着“冷战”方向前进。,2014/5/20 20:10
62,乌克兰国家新闻社：欧盟今日向乌克兰注入总额16亿欧元援款当中的第一笔1亿欧元的款项。,2014/5/20 20:12
61,政协第十二届全国委员会第十五次主席会议20日通过了关于撤销宋林政协第十二届全国委员会委员资格的决定，并将在政协第十二届全国委员会常务委员会第六次会议上追认。,2014/5/20 20:25
60,现货黄金价格刷新一周半低位至1285.82美元/盎司。,2014/5/20 20:27
59,加拿大4月批发销售月率-0.4%，预期+0.5%，前值+1.1%。,2014/5/20 20:30
58,加拿大批发销售疲软，美元兑加元刷新日内高点1.0902。,2014/5/20 20:31
57,摩根士丹利维持完美世界股票(Nasdaq:PWRD)“持股观望”评级。,2014/5/20 20:39
56,易居中国盘前大涨超11%，截至北京时间20:40，易居中国股价涨0.94美元至9.12美元，涨幅达11.49%。此前公布一季度财报，总收入为1.633亿美元，同比增长40%。经调整的营运利润为1010万美元，同比去年一季度为80万美元。,2014/5/20 20:56
55,美国5月17日当周红皮书商业零售销售年率+3.9%，预期+4.2%。,2014/5/20 20:56
54,特斯拉中国今天宣布，将在国内销售Model S电动车的60kWh版本，售价人民币64.8万元。60kWh版本是Model S的最低配车型。相比之下两款高配车型85kWh和85kWh Performance的售价分别为73.4万元和85.25万元。特斯拉目前在售的三款车型均已入华。,2014/5/20 21:00
53,美国折扣零售巨头Target周二宣布，其加拿大业务负责人Tony Fisher将即刻离职，由现任销售业务高级副总裁Mark Schindele接替。这是Target两周内的第二次重大人事调整，本月5日该公司董事长兼首席执行官Gregg Steinhafel刚辞职。,2014/5/20 21:04
52,美国折扣零售商TJX财报显示，截至5月3日的财季盈利4.54亿美元，合每股64美分，不及市场预期；营收64.9亿美元，也低于预期。,2014/5/20 21:16
51,俄罗斯财政部长西卢阿诺夫：中国投资商对购买俄大型石油企业俄国家石油公司股权表现出兴趣。,2014/5/20 21:28
50,"家得宝财报利空美股低开：道琼斯工业平均指数下跌11.88点，报16,499.98点，跌幅为0.07%；标准普尔500指数下跌1.25点，报1,883.83点，跌幅为0.07%；纳斯达克综合指数下跌5.04点，报4,120.78点，跌幅为0.12%。 ",2014/5/20 21:31
49,截止4月份，卡特彼勒公司(CAT)的连续三个月滚动机械销售额下滑13%。,2014/5/20 21:36
48,波音(BA)公司的737客机订单已经超过2000架，按目录价格计算的价值超过2090亿美元。,2014/5/20 21:37
47,今年3月份，意大利的银行坏账率攀升至8.6%。,2014/5/20 21:38
46,法国财政萨潘重申2014年法国GDP增长目标为1%。,2014/5/20 21:48
45,瑞士信贷称，26亿美元罚款没什么影响。,2014/5/20 21:49
44,券商Sterne Agee将Dick's Sporting Goods(DKS)股票评级从“买进”下调为“中性”。,2014/5/20 21:53
43,美元/日元汇率报101.25，连续第二个交易日低于200日移动平均线。,2014/5/20 22:04
42,联合国主席潘基文表示，普京非常致力于全球和平与安全。普京与潘基文今天举行会谈，商讨了乌克兰局势及其他一些事务。,2014/5/20 22:16
41,世界最大医疗设备制造商美敦力周二与竞争对手爱德华生命科学公司就心脏瓣膜产品上的专利纠纷达成和解。美敦力将向爱德华一次性支付7.50亿美元，并将在2022年4月底之前每年支付至少4000万美元的权利金。,2014/5/20 22:23
40,据称淡马锡将减持渣打银行股份。淡马锡是渣打银行的最大股东，目前持股比例为17.8%。,2014/5/20 22:27
39,Valeant将与投资者讨论收购爱力根(Allergan)的交易，称将提高收购报价。,2014/5/20 22:34
38,瑞典央行行长Ignes称，现在来判断7月份的利率状况“为时尚早”。,2014/5/20 22:40
37,英国国债管理局将在5月28日标售11亿英镑债券。,2014/5/20 22:41
36,汇丰银行表示，在下次欧洲央行会议之前，预计德国国债表现良好；料澳大利亚国债将从疲软的全球经济增长前景中受益。,2014/5/20 22:43
35,据消息来源称，嘉士伯准备发售10亿欧元10年期债券。,2014/5/20 22:59
34,南非铂金生产商表示，已经与南非矿工和建设工会(AMCU)达成协议，同意让劳工法庭来调解双方的薪酬纠纷。,2014/5/20 23:01
33,据《今日俄罗斯》报道，乌克兰国会议员呼吁立即从该国东部撤军。,2014/5/20 23:18
32,欧盟委员会建议欧盟国家在冬季到来之前对能源系统进行压力测试。,2014/5/20 23:19
31,Amgen（AMGN）报告称，在初步临床试验中，一种化学化合物显示出有助于缓解哮喘的效果。,2014/5/20 23:26
30,摩根大通(JPM)股东周二在年度大会上投票批准了该行的管理层薪酬计划，该行董事会的11名成员在此次大会上也全部当选连任。,2014/5/20 23:42
29,"欧股收盘：英国富时指数收跌0.59%，德国DAX指数收跌0.23%，法国CAC指数收跌0.39%，西班牙IBEX指数收高0.19%，意大利富时MIB指数收高0.3%,Eurostoxx指数收跌0.21%。",2014/5/20 23:44
28,欧佩克报告称，今年全球原油需求的多数增长都将来自于中国和中东地区。根据欧佩克的预测，今年中国原油需求将比去年增长33万桶/日，增幅为3.3%；中东地区原油需求将比 去年增长31万桶/日，增幅为3.9%。,2014/5/20 23:46
27,JG Capital今天发布研究报告，重申对微博(Nasdaq:WB)股票的“增持”评级，以及25美元的目标股价。,2014/5/20 23:52
26,通用汽车公司周二又宣布，将在美国召回242万辆汽车，使该公司今年迄今为止宣布召回的车辆总数达到1500万辆以上。,2014/5/20 23:55
25,"美股周二午盘跌幅收窄，互联网类股与家得宝股价攀升，抵消了小型股与零售股下跌的影响。北京时间5月20日23:57道指下跌45.59点，报16,466.27点；标普500指数下跌4.16点，报1,880.92点；纳指下跌45.59点，报4,120.27点。",2014/5/21 0:02
24,法国经济部通知通用电气(GE)提出收购阿尔斯通资产的新要约，法国经济部称：GE目前提出的收购要约无法接受，阿尔斯通资产出售一事尚无定论。,2014/5/21 0:15
23,微软发布配备更大屏幕的平板电脑Surface Pro 3，它可替代笔记本电脑，微软称新产品融平板电脑和笔记本电脑于一体，估计起售价为799美元，售价799美元的Surface Pro 3将不带键盘。,2014/5/21 0:26
22,美联储普罗索：美国经济正处于复苏开始以来最坚实的位置，但第一季度经济走软可能加大今年实现3%增长目标的难度；如果经济增长加速，利率可能有必要提前上调。普罗索(Charles I. Plosser)为费城联储行长。,2014/5/21 0:36
21,费城联储行长普罗索：至今年年底前失业率有可能降至6%以下，美联储最好在条件允许下尽早开始加息。,2014/5/21 0:48
20,中国平安银行和德意志银行签署谅解备忘录以扩大清算服务合作。(道琼斯),2014/5/21 0:58
19,美联储FOMC副主席、纽约联储行长达德利(William Dudley)：联储需要花一些时间来相对缓慢的加息，在结束QE和首次加息之间将有“相当长的一段时间”。达德利预计结束QE将在今年秋天。,2014/5/21 1:14
18,美联储达德利：开始加息后，加息的轨迹“可能相对缓慢”，这既依赖于届时经济的表现如何，也取决于金融状况将对联储收紧政策作出何种反应。,2014/5/21 1:16
17,前以色列央行行长、伯南克的老师斯坦利-费希尔(Stanley Fischer)出任美联储副主席的提名预计将在周二晚些时候获得美国国会参议院的初步批准，但其他两名被提名为美联储理事的候选人则需等待更长时间。,2014/5/21 1:21
16,美联储达德利预计，较长期内的利率水平将“明显低于”4.25%的历史平均水平，至于联储资产负债表上的4万亿美元资产，他估计随着国债的到期和抵押贷款的被预先偿付，将通过“自动导航”的方式削减。,2014/5/21 1:25
15,达德利：在削减4万亿美元资产的问题上，直接出售抵押贷款支持证券(MBS)已不在美联储的考虑之列，在开始加息前，美联储不应该停止将到期证券的本金进行再投资。他的这一言论暗示，联储可能想在停止本金再投资之前就开始加息。,2014/5/21 1:28
14,英央行副行长宾恩(Charles Bean)：央行推出刺激措施并不是容易的事情，货币政策委员会(MPC)估计闲置产能占英国GDP的比重在1%至1.5%之间。,2014/5/21 1:42
13,据当地媒体报道，摩根大通计划在五年内向破产的底特律市注资1亿美元。据报道，摩根大通高管、底特律市市长 Mike Duggan和密歇根州州长的一位代表将于当地时间周二晚间在底特律举行一次会议，并预计将于周三发表官方声明。,2014/5/21 1:47
12,据《底特律新闻》报道，摩根大通(JPM)计划投资1亿美元来振兴底特律。此前，高盛集团(GS)已向底特律小企业提供了最多1500万美元贷款，这表明华尔街对底特律的兴趣正在增强。底特律目前面临着总额180亿美元的长期债务。,2014/5/21 1:48
11,美国国家海洋和大气局：今年4月全球的平均气温平了1880年以来的最高纪录，原纪录是2010年创下的，4月全球平均气温比20世纪均值高出0.77摄氏度。,2014/5/21 1:56
10,高盛发言人：已准备将金属仓储业务部门 - Metro国际贸易服务出售。高盛于4年前购得Metro。(路透社),2014/5/21 2:01
9,纽约黄金期货价格周二收盘微幅上涨80美分，报每盎司1294.60美元。世界黄金协会(WGC)此前公布报告称，第一季度黄金需求与去年同期相比几乎维持不变。,2014/5/21 2:02
8,纽约梅隆银行CFO吉本斯(Todd Gibbons)：公司可能出售企业信托业务部门。,2014/5/21 2:04
7,费城联储主席普罗瑟称，美联储的加息行动与经济状况挂钩，不与日历挂钩。,2014/5/21 2:06
6,俄罗斯从阿斯特拉罕地区试射Topol导弹。,2014/5/21 2:09
5,世界第二大葡萄酒酿造商澳大利亚富邑葡萄酒集团(Treasury Wine Estates)周二宣布，已拒绝了美国私募股权巨头KKR提出的价值29亿美元的收购要约，原因是报价过低。,2014/5/21 2:10
4,"美股周二午后跌幅扩大。目前道指下跌161.22点或0.98%，报16,350.64点；标普500指数下跌15.36点或0.81%，报1,869.72点；纳指下跌40.11点或0.97%，报4,085.71点。",2014/5/21 2:13
3,在瑞士信贷被罚款26亿美元之后，该公司CEO杜德恒(Brady Dougan)否认了将会辞职的传言。,2014/5/21 2:30
2,梅西百货(M)将发售5亿美元10年期债券，收益率为中间互换利率+112.5个基点。,2014/5/21 2:37
1,纽约商业交易所原油期货价格下跌17美分或0.17%，收于每桶102.44美元。,2014/5/21 2:43
0,据德国《商业日报》报道，西门子即将提出收购法国阿尔斯通公司(ALO)旗下能源部门的要约。,2014/5/21 2:51
99,五角大楼发言人Kirby称，没有迹象表明俄罗斯正从乌克兰边境撤军。,2014/5/21 3:00
98,英国央行宾恩表示，会议纪要文稿可能会影响政策讨论，因此不大赞成出版会议纪要。,2014/5/21 3:12
97,穆迪下调瑞士信贷公司的信贷前景展望。,2014/5/21 3:33
96,周二美国股市收跌。史泰博等零售商盈利不及预期股价下跌。费城联储主席普罗瑟希望美联储在条件允许下尽早加息。纽约联储主席达德利暗示联储或在停止本金再投资前加息。,2014/5/21 4:06
95,费城联储行长普罗索称，住房市场基本面仍很健康，企业加快聘用活动对美国经济形成了支撑。纽约联储行长达德利则表示，他预计住房市场只会缓慢复苏，原因是这一市场所面临的逆风需要一段时间才能消散。,2014/5/21 4:39
94,美国联邦存款保险公司(FDIC)副董事长霍尼格称，尽管大型银行已经作出了一些改革，但一直都不愿意在贷款抵押债券(CLO)等领域中进行改革，而且一直都重度参与杠杆贷款活动，这会带来巨大的风险。,2014/5/21 4:43
93,Analog Devices（ADI）第二财季经过调整之后的每股收益为59美分，市场预期56美分。,2014/5/21 4:47
92,Salesforce.com（CRM）第一财季经调整之后的每股收益为11美分，预期10美分。,2014/5/21 4:48
91,美国石油协会(API)上周原油库存减少1030万桶。,2014/5/21 4:49
90,巴克莱：今年为止商品市场资金外流规模达85亿美元。,2014/5/21 5:24
89,受英国经济数据打压，英国国债价格连续3个交易日下滑。,2014/5/21 5:25
88,报税季节来临，Intuit公司盈利因此受到推动。 ,2014/5/21 5:26
87,正保远程教育第二季度净营收为1820万美元，比去年同期的1300万美元增长40.4%，超出公司此前预期的1620万美元到1690万美元的区间；净利润为130万美元，比去年同期的79万美元增长64.7%。,2014/5/21 5:39
86,欧洲央行正在考虑实行美联储式的货币会议计划。,2014/5/21 6:15
85,据称冰岛即将完成邀请对冲基金参与债务谈判的工作。,2014/5/21 6:16
84,分析师Dennis Gartman称，道指、拉塞尔2000小型股指数以及纳指的走势分化，预示着市场调整即将来临。,2014/5/21 6:49
83,普罗索被市场视为美联储最激进的“鹰派”人物之一，他对总额2.5万亿美元的准备金感到担心。如借款量开始大幅增长，准备金将流出银行体系，进而带来通胀压力。联储或被迫提早加息，从而导致美经济复苏遭破坏。,2014/5/21 6:52
82,美国参议院以62票赞成、35票反对的投票结果，扫清了斯坦利-费舍尔(Stanley Fischer)担任美联储副主席的程序障碍。最终投票将在周三进行。,2014/5/21 6:55
81,德勤会计师事务所前首席风险官被指控接受客户的赌场筹码。,2014/5/21 7:00
80,韩国总统朴槿惠今天可能提名新总理人选。,2014/5/21 7:13
79,韩国央行行长：韩元升值可能给企业造成负担。,2014/5/21 7:14
78,中国神华集团和俄罗斯EN+集团将联手开发俄罗斯煤矿项目，该项目的合计投资据估算将超过10亿美元。 ,2014/5/21 7:22
77,中俄两国领导人20日在上海的会晤中没有签署天然气供应协议。俄罗斯天然气工业公司首席执行官Alexey Miller称，两国的谈判将会继续，以求达成妥协。普京发言人20日表示，两国眼下正在就价格问题进行磋商，双方随时都可能达成协议。,2014/5/21 7:24
76,国际文传电讯社报道，中国投资者有意收购俄罗斯石油公司(Rosneft）股权。,2014/5/21 7:25
75,祝宝良：中国房地产行业风险可控，房价绝不会有暴跌。中国国家信息中心研究员祝宝良表示，中国经济增长仍存在下行压力，央行需要下调银行存款准备金率，并在货币政策上更加灵活。,2014/5/21 7:30
74,中国北车将于5月22日在香港挂牌上市。设定香港IPO价格为每股5.17港元，估计IPO所得款项净额91亿港元。,2014/5/21 7:31
73,"在美国已经创纪录召回1,120万辆汽车的通用汽车再次宣布召回242万辆，召回开支增加2亿美元。",2014/5/21 7:32
72,中国证监会昨天预披露7家企业IPO招股说明书，其中包括山东玲珑轮胎、浙江鼎力机械等。,2014/5/21 7:34
71,中国4月份银行结售汇顺差97亿美元。,2014/5/21 7:35
70,知情人士透露，欧洲央行正在考虑将当前的利率决策会议由每月举行一次改为每六周举行一次。,2014/5/21 7:36
69,中国平安可能将P2P网上借贷业务分拆上市。中国平安有意将其名列全球第三的P2P网上借贷业务分拆上市，以捕捉科网浪潮，充分体现旗下业务的价值。(香港经济日报) ,2014/5/21 7:38
68,纳斯达克CFO：正努力吸引阿里巴巴前来IPO。纳斯达克CFO表示，目前纳斯达克正在努力吸引阿里巴巴前来IPO。“如果阿里巴巴选择纳斯达克，我们将非常兴奋，”至于Facebook上市首日遭遇的软件故障，纳斯达克“非常有信心所有问题都已解决。”http://t.cn/RvAMWzR,2014/5/21 7:48
67,中国商务部研究院研究员梅新育表示，俄罗斯对华原油出口量应该会增加，天然气项目今年年内签署的可能性很大，另外，中俄合作在俄罗斯远东建设水电站、国电集团在远东投资建设巨型热力煤电厂，电力出口中国，这些都可能会有进展。(上海证券报),2014/5/21 7:50
66,日本4月份贸易逆差8089亿日元，同比增长5.1%。,2014/5/21 7:51
65,日本4月份对中国的出口同比增长9.8%。,2014/5/21 7:52
64,上海自贸区推进有限牌照银行的业务。上海自贸区管委会副主任朱民表示，有限牌照银行业务是最近才开始明确的。有限牌照银行是国家根据新型金融和实体经济进行的探索。上海自贸区目前正在结合自贸区内新的银行的筹办，推进有限牌照银行的业务。(上海证券报),2014/5/21 7:54
63,中石化率先启动混合所有制改革。据接近中石化人士透露，接下来页岩气各个产业链会加大引入民资，包括开发、运输、销售以及其他可能增值的领域。(上海证券报),2014/5/21 7:58
62,普华和顺同意以8.026亿元人民币收购北京天新福医疗器械公司。,2014/5/21 7:59
61,中国电建可能发行优先股购买资产。自5月13日起停牌的中国电建5月20日公告确认，控股股东正筹划相关的资产重组事项，“涉及的标的资产规模较大，方案设计较为复杂，属境内资本市场重大无先例事项”。据记者了解，中国电建此番或将以发行优先股来实现大股东的资产注入。(上海证券报),2014/5/21 8:01
60,交易商协会研讨非金融企业债务融资工具的定价机制。多位业内人士透露，近日，交易商协会召集市场人士召开会议，对目前信用债的主力，即非金融企业债务融资工具的定价机制进行研讨，未来有望新增报价频率和报价机构家数，进一步优化信用债定价估值中枢机制。(上海证券报),2014/5/21 8:03
59,"日本日经225指数下跌95.17点报13,980.08点。",2014/5/21 8:07
58,"澳大利亚标普/澳证 200指数下跌17.25点报5,403.10点。韩国Kospi指数下跌8.54点报2,002.72点。",2014/5/21 8:08
57,德国央行：投资者在低利率环境下谋求收益，市场平静中潜藏风险。德国央行理事会成员Andreas Dombret表示，央行的慷慨政策以及投资者在低利率环境下谋求收益，使欧洲一些国家的房地产市场价格高企，公司债估值被拉得很高。低波动性导致市场参与者认为自己无需对冲。”,2014/5/21 8:12
56,公司公告：中石化成立深化改革领导小组。,2014/5/21 8:24
55,美国据称向法国巴黎银行寻求超过50亿美元的和解费。,2014/5/21 8:24
54,微软对中国政府采购电脑禁装WINDOWS 8感到意外。(彭博),2014/5/21 8:25
53,澳大利亚5月份消费者信心环比下降6.8%至92.9。,2014/5/21 8:38
52,微软发言人JOANNA LI在电子邮件中发表评论，微软和中国政府正对WINDOWS 8进行评估，微软继续向中国政府买家提供WINDOWS 7。,2014/5/21 8:40
51,路透援引知情人士的话称，淡马锡接受渣打银行现金分红。在选择以现金方式接受2013年年终派息之后，淡马锡在渣打银行的股份将会降至18%以下。,2014/5/21 8:50
50,中国农业部副部长余欣荣20日表示，从2011年至今，种业研发、生产的集中度明显提升，种业企业总量由3年前的8700多家减少到目前的5200多家，减幅达40%。为了增强中国种业企业的国际竞争力，力争到2020年，前50家企业的集中度达到60%以上。(经济参考报),2014/5/21 8:55
49,"台股加权指数开盘涨0.1%至8,895.41点。",2014/5/21 9:01
48,H股估值大幅偏离历史均值，国企成分股濒临整体破净。(新华网),2014/5/21 9:06
47,江淮将着力发展新能源汽车。(中国证券报),2014/5/21 9:07
46,货币政策应再灵活一点，可适当降准。(证券时报网),2014/5/21 9:16
45,人民币兑美元中间价报6.1645；上日中间价报6.1626，收盘报6.2384。,2014/5/21 9:21
44,"上证综合指数开盘集合竞价下跌0.3%，至2,001.31。沪深300指数开盘集合竞价下跌0.4%，至2,106.76。",2014/5/21 9:26
43,澳大利亚第一季度季调后薪资价格指数年率+2.6%，前值+2.6%，预期值+2.6%。澳大利亚第一季度季调后薪资价格指数季率+0.7%，前值+0.7%，预期值+0.7%。,2014/5/21 9:32
42,沪指开盘后快速跌破2000点。目前跌至1993.80点，跌幅0.7%。,2014/5/21 9:38
41,中国VOCS排污收费制度明年有望出台。(中国证券报),2014/5/21 9:52
40,英国央行副行长：退出货币刺激将是一项艰巨任务。英国央行副行长Charlie Bean表示，各国央行在经济衰退期间推出了非同寻常的货币刺激措施，其中许多措施都是史无前例首次动用，所以决策人士在退出这些刺激措施时面临着潜在的陷阱。(彭博),2014/5/21 9:55
39,中国人力资源和社会保障部在公告中表示：中国1-4月份创造了473万个城镇就业岗位。,2014/5/21 10:04
38,欧佩克报告称，今年全球原油需求的多数增长都将来自于中国和中东地区。根据欧佩克的预测，今年中国原油需求将比去年增长33万桶/日，增幅为3.3%；中东地区原油需求将比 去年增长31万桶/日，增幅为3.9%。,2014/5/21 10:05
37,澳新银行经济学家刘利刚：中国社会保障改善将促进消费，中国消费增长将超过GDP增长，2020年消费将占GDP的44%。,2014/5/21 10:06
36,瑞信首席执行官Brady Dougan预计，瑞信就美国刑事指控认罪不会吓跑其客户。瑞信周一同意 支付26亿美元罚金，这是历来海外税案中最大一笔罚款。(彭博),2014/5/21 10:09
35,中国人社部副部长信长星在北京讲话，中国就业稳定，因GDP增长处于正常区间。从就业角度看，中国不再需要8%的增长目标。,2014/5/21 10:19
34,中央电视台播放中国国家主席习近平在上海讲话，习近平称人类安全风险增大。亚洲是全球最具发展活力和潜力地区。,2014/5/21 10:25
33,ING：经常帐顺差无助于推升台币，重申年底目标30.2。,2014/5/21 10:27
32,高盛以政策不确定性为由下调中资银行股票评级和目标股价。高盛将中资银行H股目标股价平均下调8%，A股目标股价平均下调7%，以反映净息差压力不断扩大和不良贷款可能增加等因素。,2014/5/21 10:29
31,"日股日经225指数午间休盘跌0.3%至14,034.92点。",2014/5/21 10:30
30,习近平：亚洲稳定和全球稳定是相关联的。内部事务不应被插手。来自恐怖主义和互联网安全的挑战增加。所有国家对维持安全都有责任。习近平呼吁打击恐怖主义。亚洲应该对恐怖主义采取零容忍态度。,2014/5/21 10:32
29,交易员:中国10年期国债发行利率4.1348%。,2014/5/21 10:33
28,习近平：亚洲人口占到世界人口的67%，增长是亚洲国家安全的关键。,2014/5/21 10:33
27,习近平建议推动亚信成覆盖全亚洲的安全对话合作平台。习近平：亚洲问题应当由亚洲人民来解决。中国目标通过和平方式解决领土争端。中国推动亚洲基础设施投资银行创建。,2014/5/21 10:41
26,日本央行维持货币基础年增幅60万亿-70万亿日元的计划。,2014/5/21 10:42
25,澳新银行：中国房地产市场处于周期性下降，而非下降趋势。下调准备金率对降低借款成本效果不大。,2014/5/21 10:44
24,日本央行将继续放松政策，直到2%通胀稳定。日本央行看到在消费税上调后需求下滑。,2014/5/21 10:45
23,日元在日本央行宣布会议声明后涨幅收窄。,2014/5/21 10:50
22,中国首个场内房地产投资基金今天在深交所挂牌。据《上海证券报》报道，在获得中国证监会批准后，中信证券募集设立了“中信启航专项资产管理计划”，这是中国首个交易 所场内房地产投资基金产品(REIT)。该产品将于今天在深圳证交所挂牌。,2014/5/21 10:56
21,传美国要对法国巴黎银行罚款逾50亿美元。有四名知情人士对彭博表示，美国当局要求法国巴黎银行至少拿出35亿美元和解此案。与瑞信案的做法一样，美国司法部门也在施压要求法国巴黎银行认罪。http://t.cn/RvAKr1u,2014/5/21 10:58
20,摩根大通前中国投资银行首席执行官方方被香港廉政公署拘捕，后获保释并被限制出境。（财新网）,2014/5/21 11:08
19,中国发改委今天在网站发布公告，鼓励社会资本参与的80个项目涵盖铁路、公路、港口等。,2014/5/21 11:10
18,中金公司：在岸国债利率低于预期，因刚性配置需求及央行投放预期。分析师陈健恒表示，虽然一般情况下，5月份和6月份的资金面会有些紧张，预计央行今年将吸取去年的经验，提前做出准备，因而不太可能令资金面明显趋紧。预计未来两周央行公开市场将维持净投放，以缓冲超储率下降的影响。(彭博),2014/5/21 11:13
17,高盛启动旗下Metro金属仓储业务出售程序。高盛发言人周二表示，公司已经开始出售Metro International Trade Services金属仓储业务的正式程序。这是公司在监管和政治压力下，首次明确尝试出售四年前收购的该项业务。(路透),2014/5/21 11:15
16,欧盟起诉汇控等三家银行涉嫌操纵指标利率。欧盟执委会周二起诉汇丰控股、摩根大通和法国农业信贷银行操纵与欧元有关的金融指标。欧盟执委会还表示，很快将起诉券商，因涉嫌操纵日圆伦敦银行间拆放款利率(LIBOR)。它们可能面临高达其全球营业额10%的罚金。(路透),2014/5/21 11:25
15,中国财政部发布《2014年地方政府债券自发自还试点办法》的通知。,2014/5/21 11:28
14,"沪深300指数上午收盘上涨0.2% 报2,119.51。上证综指上午收盘上涨0.1% 报2,010.96。日经225指数午后开盘跌0.6%至13,994.54点",2014/5/21 11:31
13,中国财政部：2014年上海、深圳、北京等地试点地方政府债券自发自还。,2014/5/21 11:33
12,军事管制下泰铢将何去何从？这就要看你听谁的了，是摩根士丹利还是摩根大通。摩根士丹利重申，随着政治危机推动泰国走向衰退，预计泰铢兑美元汇率到年底将下跌12%至37泰铢。摩根大通则较为乐观，确认了对泰铢的增持评级，该公司相信，军事行动有助于结束泰国长达数月的街头抗议。(彭博),2014/5/21 11:53
11,中国商务部在网站上发布公告，中国和冰岛自由贸易协定将于7月1日正式生效。,2014/5/21 11:53
10,中国1个月Shibor上涨10.5个基点，报4.2%，连续第五天上涨，为5月4日以来最高。3个月Shibor下跌约6个基点，报5.1215%，创2013年12月5日以来最低，连续第十五天下跌。,2014/5/21 11:54
9,"香港恒生指数上午收盘下跌0.1% 报22,813.21。",2014/5/21 12:02
8,俄罗斯推动立法，双重国籍不申报视为犯罪。国家杜马周二批准法案，要求俄罗斯人拥有双重国籍需申报，否则将面临刑事追究。“显然，一个人若拥有双重国籍，就削弱了俄罗斯国籍对他的意义，影响到他对国家的敬意。”在450名议员中，有429人投票支持该法案。(路透),2014/5/21 12:17
7,欧佩克报告称，今年全球原油需求的多数增长都将来自于中国和中东地区。根据欧佩克的预测，今年中国原油需求将比去年增长33万桶/日，增幅为3.3%；中东地区原油需求将比 去年增长31万桶/日，增幅为3.9%。,2014/5/21 12:17
6,联想集团全年净利润8.172亿美元，预估为8.163亿美元。,2014/5/21 12:30
5,克拉普威克：中国到2015年可能超过美国成为第一大钯金消费国。,2014/5/21 12:34
4,瑞银：铁矿石价格下跌增强澳元看跌观点。,2014/5/21 12:48
3,利卡宁：欧洲央行备有一套宽松政策选项，包括资产购买。,2014/5/21 12:49
2,希腊总理：2020年前希腊经济将复苏弥补经济产出缺口。,2014/5/21 13:01
1,"上证综指下午开盘上涨0.1%，报2,010.87。沪深300指数下午开盘上涨0.2%，报2,119.49。",2014/5/21 13:03
0,财政部向7家央行和地区货币管理当局发行20亿元离岸人民币国债。,2014/5/21 13:08
99,日本国家旅游局发布数据，中国4月份赴日游客同比增长90.3%。,2014/5/21 13:14
98,上海市金融办主任：正与银监会积极协调，推动放宽自贸区内外资行人民币业务的准入。,2014/5/21 13:21
97,亚信峰会：习近平提中国四点建议并对三股势力“零容忍”。,2014/5/21 13:27
96,穆迪把中国房地产开发商债信评级展望下调至“负面”。,2014/5/21 13:32
95,"台股加权指数收盘跌0.3%，至8,862.42点。",2014/5/21 13:35
94,“2014年BRANDZTM最具价值全球品牌100强”榜单21日揭晓，最具价值全球品牌百强：中国品牌总值2.8千亿美元。腾讯、中国移动，成为亚洲最具价值品牌。,2014/5/21 13:43
93,中国钢铁工业协会：中国铁矿石需求可能增至11.8亿吨。,2014/5/21 13:49
92,中国财政部公告称，5月21日，财政部在香港特别行政区发行160亿元人民币国债。其中，面向机构投资者招标发行140亿元，中标利率分别为3年期2.53%、5年期3.25%、7年期3.80%、10年期4.00%、15年期4.29%、20年期4.50%。,2014/5/21 13:52
91,中国钢铁工业协会：中国钢铁产量今年或增4.4%，达到8.13亿吨。,2014/5/21 13:56
90,"日经225指数收盘跌0.2%至14,042.17点。",2014/5/21 14:00
89,海通证券宏观债券分析师姜超：以前相当于是国债，现在则需要当地政府的信用。虽然现在额度还是由财政部指导，不排除日后将逐步取消。此举将政府发债职能从城投债中剥离，预计将可大幅降低地方政府的高融资成本，并降低无风险收益率。#地方政府债自发自还#,2014/5/21 14:05
88,国泰君安首席债券分析师徐寒飞：不认为此次允许自发自还地方政府债是市政债。此举将地方政府债务从地方政府融资平台中剥离，预示着地方政府债市场化的开始，其将地方和中央的信用分离，让投资者自己判断地方信用。在没有中央担保的情况下，预计违约的风险和预期将有所增加。#地方政府债自发自还#,2014/5/21 14:09
87,海运公司马士基预计全年基础利润40亿美元。,2014/5/21 14:18
86,普华永道：中国的移动广告行业规模今年将达到125亿元人民币。,2014/5/21 14:19
85,据商务部网站，副总理汪洋称贸易前景依然严峻，敦促落实贸易支持举措。,2014/5/21 14:27
84,联想第四财季净利润同比劲增25%，至1.58亿美元。个人电脑和智能手机市场份额上升。,2014/5/21 14:31
83,中国海关：中国4月份进口自伊朗原油为329万吨。同比增长115%。,2014/5/21 14:34
82,日本央行行长黑田东彦：日本经济正在良性循环。预计日本经济持续温和复苏。将继续实行宽松政策，直到2%通胀稳定。,2014/5/21 14:38
81,美银美林: 台湾四月份外销订单或可提振第二季出口。经济学家周奂彤今日在报告中称，台湾四月外销订单的增长高于美银美林5.5%的预期，为14个月以来最高，强化了成熟经济体的逐渐复苏。,2014/5/21 14:42
80,日元兑美元升破101日元，日本央行行长黑田东彦发表讲话。,2014/5/21 14:46
79,黑田东彦：日元没有特殊的理由上涨。日本央行离2%的通胀目标还有一半的路要走。日本央行将继续量化和质化宽松政策。,2014/5/21 14:51
78,"中国海关：中国4月份精炼铜进口量升至341,406吨。",2014/5/21 14:52
77,中国4月份稀土出口量环比增长8.6%，同比增长32.2%，至5620吨。,2014/5/21 14:59
76,"中国沪深300指数收盘上涨1% 报2,135.91，*中国上证综指收盘上涨0.8% 报2,024.95。",2014/5/21 15:02
75,中国财政部在网站上发布公告，财政部将于5月28日增发280亿元人民币5年期债券。,2014/5/21 15:09
74,泛欧Stoxx 600下跌0.2%，英国富时100下跌0.2%，法国CAC 40下跌0.3%，德国DAX 30下跌0.3%。  ,2014/5/21 15:12
73,欧洲央行：欧洲银行业利用隔夜贷款工具向欧洲央行借款0.04亿欧元，向欧洲央行存入210.2亿欧元。,2014/5/21 15:15
72,黑田东彦：不认为债市流动性非常低。提高中长期增长率不是央行的职责。不认为债市有任何问题。日本央行政策目的不是影响汇率。日本央行行长黑田东彦媒体会结束。,2014/5/21 15:24
71,联想周三公布，受中国以及中国以外新兴市场需求强劲增长推动，截至2014年3月31日的2013/14财年，智能手机出货量突破5000万部，创历史新高，同比增长72%。,2014/5/21 15:35
70,俄罗斯副总理称，希望在中俄能够在未来数小时里达成油气协议，敲定合同以备签署。,2014/5/21 15:36
69,德国商业银行称暂停两位外汇部门员工的工作。德国商业银行称，被暂停工作的员工违反了公司内部规定。该行在电子邮件公告中称，相信员工的不当行为只是个案；银行和个人没有从中渔利。,2014/5/21 15:44
68,以色列政府委员会：计划5年内对中国出口增加一倍。,2014/5/21 15:51
67,欧洲央行暗示引来ABS抢购潮，供应出现不足。欧洲2万亿美元的资产支持证券（ABS）市场乱了套，因为市场需求增长却碰到了供应萎缩。欧元区决策者正推动ABS成为该地区经济的救世主。(彭博),2014/5/21 15:58
66,"香港恒生指数平收，报22,836.52。",2014/5/21 16:02
65,欧元区3月份经常帐顺差188亿欧元，未经调整经常帐顺差209亿欧元。,2014/5/21 16:03
64,"伦敦金属交易所(LME)铜库存减少1,725吨，铝库存减少9,775吨，锌库存减少3,800吨，镍库存增加882吨，铅库存增加200吨，锡库存增加100吨。",2014/5/21 16:06
63,俄罗斯政府发言人PESKOV就中俄天然气谈判发表评论，俄罗斯认为“有理由”与中国达成天然气价格协议乐观。(彭博),2014/5/21 16:15
62,消息称京津冀正酝酿在三地交界处设金融试验区。北京、天津与河北金融相关负责人透露，京津冀三地金融办正在调研，计划在北京大兴、河北廊坊和天津武清三地交界地区联合设立小范围的金融创新试验区。(京华时报),2014/5/21 16:26
61,广船国际称控股股东正在对公司筹划重大资产重组事项。,2014/5/21 16:28
60,中国发改委发布《外商投资项目核准和备案管理办法》，中国对于外商投资项目管理将分为核准和备案两种方式。,2014/5/21 16:29
59,英国4月份零售销售增长1.3%，预估中值增长0.4%。,2014/5/21 16:34
58,英国央行会议纪要：所有MPC委员都认为在升息以前需要看到闲置产能进一步缩减的证据。英国央行称利率决策对于部分货币政策委员而言变得更为均衡。英国央行利率决定投票结果为9-0，债券购买投票结果为9-0。,2014/5/21 16:35
57,英国央行称低利率增加了金融失衡的风险，英国央行称英镑走强将给CPI带来下行压力。,2014/5/21 16:36
56,受英国零售数据等因素推动，欧元兑英镑汇率跌至16个月新低，报0.8105英镑。,2014/5/21 16:44
55,英国5月零售数据增幅创2004年5月以来新高，即10年来之最，同比增幅6.9%，超3月的4.8%和市场预期的5.2%，环比涨幅为1.3%，前值0.5%，预期亦为0.5%。,2014/5/21 16:51
54,德意志银行麾下德意志资产及财富管理(DeAWM)与嘉实国际周三在美国推出全球首支人民币合格境外机构投资者(RQFII)中国小型股投资产品，预料未来数月将吸引逾1亿美元资金流入。,2014/5/21 17:01
53,英镑对美元汇率最高至1.69211，刷新日内新高，英央行的鹰派会议纪要和5月良好零售数据推动英镑两次大幅拉升。,2014/5/21 17:08
52,香港证监会周三宣布，对工银国际旗下两家子公司分别作出谴责及罚款1250万港元的处罚，原因是它们在宝龙地产2009年首次公开发售(IPO)中所担当的角色存在缺失。,2014/5/21 17:14
51,俄罗斯天然气公司Gazprom∶与中国就天然气协议的谈判正在进行。(国际文传电讯社),2014/5/21 17:25
50,俄罗斯与中国已经签署天然气供应协议。(国际文传电讯社),2014/5/21 17:34
49,俄中刚签署的天然气协议期限为30年，每年供应380亿立方米。(国际文传电讯社)。,2014/5/21 17:46
48,俄罗斯天然气公司Gazprom首席执行官∶向中国供应的天然气价格是商业机密，中俄期限为30年的天然气供应协议总价值4000亿美元，俄罗斯在中俄天然气协议中提供了税项优惠。(国际文传电讯社),2014/5/21 18:04
47,从现有信息判断，中俄天然气协议的具体价格约为2.19元人民币/立方米。但是，这一估计没有考虑未来汇率的波动等。推算依据为合同总值约4000亿美元，协议期限30年，俄方每年供应380亿立方米天然气。,2014/5/21 18:18
46,【证监会再发5家IPO预披露名单 总数达370家】5月21日晚间证监会再发第二十三批5家预披露名单。其中，2家在上交所上市，3家在创业板上市。加上此前二十二批披露的365家，目前已有370家企业披露招股说明书。http://t.cn/RvADdZC,2014/5/21 18:24
45,中石油∶俄罗斯天然气公司Gazprom将开发东西伯利亚气田向中国供气，将在中国境内开发输气管道和基础设施，俄罗斯天然气将供应华北和华东地区。(道琼斯),2014/5/21 18:43
44,台湾警方宣布，发生在台湾地铁的砍人事件造成3人死亡，25人受伤。,2014/5/21 18:49
43,路透社报道，俄罗斯能源部长Novak表示，作为新签署的天然气协议的一个选择方案，中方可能支付至多250亿美元的预付款。他对记者表示：“至多250亿美元……这笔预付款被视为一个选择方案，一种可能性。”,2014/5/21 20:05
42,根据PayPal网站发布的一则消息，其母公司EBay正要求所有用户更换他们的密码，但未说明原因。,2014/5/21 20:10
41,据消息人士称，德国商业银行已开除了一名交易员，并勒令另一交易员停职，因为他们涉嫌操纵波兰货币兹罗提兑欧元的汇率。被开除的这名交易员今年2月已被停职。,2014/5/21 20:13
40,矿业巨头力拓宣布，将以2.75亿美元收购Sulliden金矿公司（Sulliden Gold Corp Ltd），从而创建一家专注于秘鲁市场的金矿公司。合并后的公司近期内每年可生产约30万盎司黄金。,2014/5/21 20:19
39,折扣零售巨头Target财报显示，截至5月3日的第一财季盈利下降16%，至4.18亿美元，合每股66美分，不及市场预期，主要是由于数月前大规模数据被盗事件导致客流量减少，以及加拿大业务扩张带来的损失。该公司还下调了全年盈利预期。,2014/5/21 20:28
38,珠宝零售巨头蒂芙尼公司周三发布财报称，第一财季盈利飙升50%，至1.26亿美元，合每股97美分，远超预期。所有地区销售额均有所增长，特别是亚太地区在日本带动下增长强劲。该公司还上调了全年盈利预期。,2014/5/21 20:34
37,通用汽车公司周三宣布，将在美国召回21.8万辆2004至2008款雪佛兰Aveo小型轿车，原因是日间行车灯的一个部件可能过热并起火。这是通用今年第30起召回，召回总数已达1560万辆左右。该公司昨日刚刚宣布召回260万辆汽车。,2014/5/21 20:41
36,EBay较早时在子公司PayPal网站上发布消息，要求所有用户更换密码，但后来又删除了这一消息，而且未做任何解释。,2014/5/21 20:51
35,美鹰服饰公司(American Eagle Outfitters)发布财报称，截至5月3日的第一财季盈利锐减86%，至390万美元。该公司还宣布，计划未来三年关闭北美的150家店面。,2014/5/21 20:56
34,惠誉重申澳门评级为“AA-”，评级前景稳定。,2014/5/21 20:56
33,Netflix周三宣布，计划今年在六个欧洲国家推出其在线电影和电视订阅服务，包括法国、德国、奥地利、瑞士、比利时和卢森堡。该公司此前已在英国、北欧国家和荷兰推出了其服务。,2014/5/21 21:03
32,美国家装用品零售巨头劳氏集团(Lowe's)发布财报称，截至5月2日的第一财季净盈利增长16%，至6.24亿美元，合每股61美分。但调整后每股盈利58美分，低于市场预期。营收达134亿美元，也低于预期。但该公司上调了全年盈利预期。,2014/5/21 21:11
31,新加坡陆路交通管理局周三发布公告称，将于今年下半年向更多竞争对手开放其公共汽车服务市场，以改进服务并减少乘客等车时间。新加坡现有的两大巴士运营商SBS Transit与SMRT的经营牌照将于2016年8月底到期。,2014/5/21 21:19
30,周三美股高开。投资者等待美联储成员讲话及央行最新会议纪要。蒂芙尼业绩利好股价攀升。北京时间21:30，道指涨44.74点，报16419.05点，涨幅0.27%；标普500指数涨4.06点，报1876.89点，涨幅0.22%；纳指涨9.36点，报4106.25点，涨幅0.23%。,2014/5/21 21:34
29,EBay正式发表声明，要求用户更改密码，因此前一个包含加密密码的数据库受到黑客攻击。该公司表示，尚无证据显示此次攻击导致其用户的财务或信用卡信息被盗，更改密码是为防患于未然。,2014/5/21 21:36
28,AT&amp;T(T)CEO表示，与DISH公司的交易可能已经受到监管机构的严格审查。,2014/5/21 21:46
27,Comcast(CMCSA)公司CEO称，今年夏季的付费用户数量不大可能增加。,2014/5/21 21:39
26,券商ITG发布了看好Facebook(FB)的研报，称他们的研究表明FB公司第二财季营收可能将比市场平均预期值高出1亿美元。,2014/5/21 21:46
25,摩根士丹利发布了关于Akamai Technology(AKAM)公司的负面报告。,2014/5/21 21:44
24,AXA投资管理公司分析师称，许多阿斯利康公司(AZN)的股东将发现每股55英镑的收购报价有吸引力。阿斯利康公司不应该阻止第三方向其股东提出购股要约。,2014/5/21 21:47
23,纽约银行业监管者Lawsky称，正在调查关于Ocwen(OCN)公司向寻求修改贷款条款的借贷者实行禁言令的相关报道。,2014/5/21 21:54
22,受到英国央行加息预期推动，英镑汇率接近两周新高。,2014/5/21 21:59
21,利比亚国家石油公司报告称，今天该国石油产量为2.32万桶。昨天产量是2.1万桶。,2014/5/21 22:01
20,北约秘书长拉斯穆森表示，没有看到俄罗斯军队从乌克兰边境地区撤军的任何可见证据。,2014/5/21 22:03
19,思科公司(CSCO)CEO表示，从合作关系的角度来看，思科收购Red Hat(RHT)的交易很有意义。,2014/5/21 22:04
18,纽约联储主席达德利开始发表讲话。他不对货币政策发表评论。达德利同时担任联储FOMC副主席，被视为是美联储主席耶伦的亲密盟友。,2014/5/21 22:36
17,国内主要的光伏行业组织与部分大型光伏企业21日在上海发布联合声明，反对美国对中国光伏产品发起的第二次“双反”调查。 中概股太阳能板块早盘暴涨，天合光能猛涨20%，英利涨幅超7%，个股涨幅均在3%以上。,2014/5/21 22:19
16,现货黄金价格回升，目前超过每盎司1290美元，此前印度储备银行(RBI)宣布放宽了对某些印度交易所的黄金进口规定。,2014/5/21 22:35
15,美联储达德利重申：在美联储加息之后，银行业的再投资活动可能兴起。,2014/5/21 22:44
14,来自全美36座城市的麦当劳员工周三聚集在公司总部前示威，要求大幅提高工资。全美350万快餐和零售业员工平均时薪8.83美元，假设每周工作40小时且不休假，相当于每年近1.84万美元。麦当劳CEO去年薪酬总额为930万美元。,2014/5/21 22:48
13,明阳风电第一季度总综合收益为人民币1.858亿元，远高于去年同期的450万元。第一季度总营收为人民币12.24亿元，同比增长52%。毛利润为人民币1.920亿元，高于去年同期的人民币8970万元；该股早盘大涨7%,2014/5/21 23:01
12,据消息灵通人士称，阿尔斯通(ALO)将拒绝西门子公司关于提供更多竞购信息的要求。,2014/5/21 23:03
11,欧盟与国际刑警组织将打击盗用与伪造护照活动。(《今日美国》),2014/5/21 23:10
10,天合光能第一季度净利润为2650万美元，每股收益为37美分，这一业绩远好于去年同期，且远超分析师此前预期。去年同期净亏损为6370万美元。分析师平均预期天合光能第一季度每股 收益为4美分。该股早盘暴涨23%。,2014/5/21 23:12
9,美国交通部周三公布了拟议中的规则草案，将要求航空公司披露行李托运和其它基本服务的收费，以方便乘客辨别机票的真实成本。航空公司必须在所有机票销售点详细列明这些附加收费，包括在出售机票的网站上。,2014/5/21 23:13
8,现货钯金价格突破每盎司830美元，创2011年以来新高。,2014/5/21 23:16
7,联合国核监察员在伊朗工作进展良好，伊朗同意国际原子能机构(IAEA)采取更多监控措施。,2014/5/21 23:19
6,中概股早盘上涨1.1%，新能源板块强劲拉升，天合光能财报大超预期股价暴涨23%，明阳风电业绩利好上涨10%，光伏板块个股涨幅均在3%以上。乐居和易居中国涨幅超6%，汽车之家上涨5%，微博上升2.5%。,2014/5/21 23:20
5,美国能源信息署(EIA)周三发布的报告显示，截至5月16日的一周美国原油库存下降720万桶，预期为下降30万桶。汽油库存增加100万桶，预期为增加15万桶。馏分油库存增加340万桶，预期为下降25万桶。,2014/5/21 23:24
4,Target(TGT)预计第二季度在美国的同家店面销售收入将为持平或略微增长，预计不会在第二季度内回购股票。,2014/5/21 23:25
3,美联储主席耶伦正在发表讲话。她没有对货币政策或经济前景作出评论。,2014/5/21 23:38
2,欧股收盘：英国富时指数收高0.23%，德国DAX指数收高0.53%，法国CAC指数收高0.30%，西班牙IBEX指数收高0.67%，意大利富时MIB指数收高1.07%，Eurostoxx指数收高0.65%。,2014/5/21 23:47
1,美国银行(BAC)发布研报称，应对特斯拉(TSLA)股票持谨慎态度。,2014/5/22 0:15
0,据消息来源称，Facebook（FB）将在今天推出iOS与安卓系统的电视节目与音乐ID的应用程序。,2014/5/22 0:27
99,欧洲央行管委兼德国央行行长魏德曼表示，欧洲央行并未决定在6月份采取行动，在6月份降息也并不是已决定好不能更改的。,2014/5/22 0:42
98,费希尔获得美国参议院确认加入美联储理事会。,2014/5/22 1:07
97,美联储乔治：如果理事会目前空席由具有社区银行经历的人填补，美联储理事会将得到加强。,2014/5/22 0:54
96,券商Brean Capital将American Eagle Outfitter（AEO）股价目标从20美元下调为14美元。,2014/5/22 0:55
95,美国投资公司协会（ICI）周三公布的数据显示，截至5月14日的一周美国股票型共同基金流出资金约11亿美元，是今年迄今为止第三次出现净流出。其中，以美国股票为主的基金流出资金23亿美元，为连续第三周流出；以美国以外股票为主的基金流入资金12亿美元。,2014/5/22 1:08
94,分析师称，美国资本一直都在流入家用太阳能项目，这些项目已获得华尔街的正式认可，这将有助于太阳能行业更加迅速地成熟，并为散户和消费者提供更多机会。对想投资光伏的个人而言，可关注马斯克(@Elonmusk )麾下的太阳城(SCTY)。,2014/5/22 1:15
93,conner称，在管理飞机订单储备方面波音是有经验的，波音取消和延迟的订单数量没有增加。波音737MAX将在2017年第3季度交付，过去的5年里新增了20位777-300ER客户；把747-8看作产品战略的一部分，查尔斯顿飞机场将把产量提高至每月3架飞机。,2014/5/22 1:19
92,因着火隐患，通用汽车(GM)宣布召回21.8万辆雪佛兰Optra与爱唯欧车型。,2014/5/22 1:24
91,新浪科技从触控科技内部获悉，该公司已经决定延缓赴美IPO计划。由于引擎故事不被认可导致触控整体估值的下降。就在5天前，触控刚刚确定股票交易代码确定为“NEXT”。http://t.cn/Rv2tDNA ,2014/5/22 1:33
90,美国参议院以68-27的投票结果确认Fischer加入美联储理事会。,2014/5/22 1:39
89,墨西哥央行下调2014年经济增长预期，目前预计为2.3%至3.3%，前值为3%至4%。,2014/5/22 1:43
88,墨西哥央行预期今年下半年或者今年年底，通货膨胀率将低于4%；然而，在2014年下半年的几个月里CPI可能会涨破4%。,2014/5/22 2:18
87,纽约黄金期货价格周三收盘下跌0.5%，报每盎司1288.10美元，主要由于美国股市上涨，吸引投资者从黄金期货市场转投股市。此外，投资者还在等待美联储定于周三晚些时候公布的政策会议纪要。 ,2014/5/22 1:52
86,Viacom将派息金额提高10%。,2014/5/22 1:54
85,美联储会议纪要显示，美联储专注于退出QE，但尚未作出决定。,2014/5/22 2:01
84,美联储会议纪要显示，美联储专注于退出QE，但尚未作出决定；关键在于退出计划的灵活性；几位委员认为经济增长存在下行风险；多数委员认为通货膨胀状况稳定。,2014/5/22 2:03
83,"美股周三午后继续上扬。美联储会议纪要称联储致力于退出QE，但尚未作出决定。北京时间5月22日02:02，道指涨139.00点，报16,513.31点；标普500指数涨11.73点，报1,884.56点%；纳指涨25.58点，报4,122.47点。",2014/5/22 2:08
82,美联储货币政策会议纪要公布之后，美元兑日元汇率维持涨势；美10年期国债价格下跌，收益率上涨3.5个基点至2.545%；金价走低，原油期货价格继续上涨。,2014/5/22 2:09
81,墨西哥央行周三发布季度通胀报告，将该国2014年经济增长预期从此前的3-4%下调至2.3-3.3%。该行还表示，预计今年下半年通胀率将升至4%以上，但年底前将回落至4%以下。,2014/5/22 2:11
80,阿斯利康(AZN)不会在5月26日之前重新与辉瑞制药公司(PFE)进行谈判。(英国《金融时报》),2014/5/22 2:17
79,美联储：促进就业的举措不会诱发通胀风险；许多与会者表示美联储应该详述将其所持资产再投资以及缩减资产负债表的计划；少数与会者感觉美联储应该对于其最终的升息路径更为清晰；大多数与会者看到通胀会在未来几年达到2%，有少数人认为会更缓慢上升。,2014/5/22 2:24
78,墨西哥经济大检修有利于促进增长，逐步地提升经济水平；墨西哥将密切关注美国货币政策，较低的增速不利于实现墨西哥央行的目标。（CARSTENS ）,2014/5/22 2:31
77,芝加哥Lumber期货价格创8个月新低。,2014/5/22 2:47
76,7月油期价格上涨1.74美元，涨幅1.7%，收于每桶104.07美元。,2014/5/22 2:48
75,美联储公开市场委员会(FOMC)公布会谈纪要后，金价下跌，油价继续上涨。,2014/5/22 2:50
74,美联储科切拉科塔表示，美联储有抑制通货膨胀压力的工具。,2014/5/22 2:53
73,美联储科切拉科塔表示：“经济状况还存在更多不确定性因素，我不知道QE会在10月份还是12月份结束。”,2014/5/22 3:06
72,综合各大对冲基金向SEC提交的13-F文件来看，这些基金在第一季度中看好Verizon(VZ)、eBay(EBAY)和Liberty Global(LBTYK)等股票。不看好通用汽车(GM)、能源公司Kinder Morgan(KMI)和美国银行(BAC)等股票。,2014/5/22 3:11
71,美联储柯薛拉柯塔：随着充分就业临近，低利率变得不寻常；货币政策推动了住房市场下滑；在问到不公平问题时，表示货币政策有“分配作用”；在物价水平目标下，利率上升步伐会更加缓慢。,2014/5/22 3:20
70,通用电气CEO杰夫-伊梅尔特称，通用电气仍将积极地与法国政府就收购阿尔斯通公司的电力业务进行合作，她希望能够完成收购。,2014/5/22 3:30
69,美联储威廉姆斯：提升利率前最好结束债券再投资。,2014/5/22 3:40
68,乌克兰代理总理亚采纽克：在解决乌克兰东部局势上看到进展。,2014/5/22 3:41
67,委内瑞拉2014年石油出产量目标为每天300万桶。,2014/5/22 3:47
66,委内瑞拉将根据OPEC的配额，来维持石油的产量。,2014/5/22 3:49
65,新西兰与芬兰签署航空服务协议。,2014/5/22 3:53
64,周三美国股市收高，道指创5周以来最大涨幅。蒂芙尼等零售商财报利好。美联储会议纪要表明，联储认为持续性的刺激政策不会造成通货膨胀率大幅攀升的风险。,2014/5/22 4:06
63,联合利华提前与Mizkan磋商出售RAGU SAUCE业务，售价在20亿美元以上，之后联合利华单日涨幅多达5.4%，创3周新高。,2014/5/22 4:08
62,"中概股指数收高2.02%报6,639.36点，企业利好财报提升上市场对中概股新能源板块的信心，新能源板块集体大涨，明阳风电独领风骚暴涨36%，天合光能劲升31%。互联网板块中乐居大涨17%，微博上涨6.2%，奇虎拉升4.6%。",2014/5/22 5:59
61,NetApp公司第四财季，盈利1.97亿美元，或每股59美分，营业额16.5亿美元；去年同期该公司盈利1.74亿美元，或每股47美分，营业额17.2亿美元。扣除一次性项目NetApp每股收益将达84美分。FactSet调查的分析者预期该公司每股收益79美分，营业额16.7亿美元。,2014/5/22 4:19
60,威廉姆斯-索诺玛公司第一财季盈利48美分，前值40美分；营业额9.743亿美元，前值8.878亿美元；财报利好，盘后股价上涨4%。,2014/5/22 4:24
59,暴雪公司（Activision Blizzard）将出售暴雪母公司威望迪（Vivendi）所持有的4100万份股票。,2014/5/22 4:26
58,据称，美国银行将放弃电子做市商业务。,2014/5/22 4:28
57,美联储官员警告房地产行业“持续减速”的风险。,2014/5/22 4:33
56,L Brands第一财季每股收益53美分，超预期，预期第二财季每股收益57-62美分。,2014/5/22 4:38
55,克里称，委内瑞拉解决危机的努力完全失败。,2014/5/22 4:47
54,纽约梅隆银行将以大约5-6亿美元出售其在华尔街的总部。,2014/5/22 4:57
53,Nest Labs召回44万个烟雾警报器，修正可能阻止警报器立即报警的功能。,2014/5/22 5:05
52,"纽约汇市：美元升值,美联储计划结束刺激措施,与欧日央行政策偏离。",2014/5/22 5:20
51,巨人网络2014财年第一季度净营收为人民币5.751亿元(约合9250万美元)，环比下滑4.9%，同比增长0.4%；归属于公司股东的净利润为人民币12.060亿元(约合1.940亿美元)，环比增长492.4%，同比增长269.9%。,2014/5/22 5:21
50,去年美国1/3的大学毕业生从事的工作是不需要大学文凭的。,2014/5/22 5:28
49,美国烟草巨头雷诺公司正在磋商收购美国第三大香烟生产商罗瑞拉德公司（Lorillard Inc）。 ,2014/5/22 5:40
48,上周美国商品原油库存大幅减少720万桶，与市场调查所显示的，上周原油库存会减少30万桶的分析师平均预期背道而驰，油价受到支持迅速大幅上涨，最终突破每桶104美元关口来到一个月以来最高水平，主力原油合约场内交易中大涨至每桶104.17美元。,2014/5/22 5:55
47,欧元区的消费者信心指数5月值升至超过六年以来的最高水平，主要区域指数受到推动普遍收高，欧股指数三个交易日以来首次出现上行走势，全天交易中涨0.60%。,2014/5/22 6:06
46,标致雪铁龙完成股票增发，筹集资金用于振兴计划。,2014/5/22 6:12
45,俄罗斯驻联合国大使称，俄罗斯将否决把叙利亚交于国际刑事法庭的决议。,2014/5/22 6:17
44,德国莱茵集团降低伊本贝尔区煤中化石28.7%的产能。,2014/5/22 6:22
43,东风集团股份完成根据PSA供股的股份认购。,2014/5/22 6:31
42,美国总统奥巴马21日致函国会，称美国已在乍得部署了约80名军事人员，为寻找遭绑架的尼日利亚女学生提供情报等方面的支持，这些军人将一直待在乍得进行协助。上月，尼日利亚极端组织“博科圣地”绑架了200多名女学生，向当局示威。,2014/5/22 6:34
41,西德克萨斯中质油（WTI）低开，下降22美分，至每桶103.85美元。,2014/5/22 6:49
40,前摩根大通中国CEO被香港反贪机构逮捕。,2014/5/22 6:51
39,日经新闻：在5月份的报告中，日本将保持对目前经济的评估。,2014/5/22 6:53
38,在美国，2013年人们每天花在像Twitter这样的社交网络上的平均时间是37分钟。,2014/5/22 7:01
37,韩国正在考虑采用税收优惠政策来鼓励公司上市。,2014/5/22 7:01
36,新西兰4月份招聘广告环比上涨2.6%，3月份环比上涨1.2%。,2014/5/22 7:03
35,京东将美国IPO 9370万份ADS的发行价定在19美元。,2014/5/22 7:22
34,超盈国际控股设定香港IPO价格为每股2.15港元，将于5月23日开始在香港交易。,2014/5/22 7:29
33,经过十多年的谈判，俄罗斯与中国昨天签署总额4000亿美元的协议，未来30年通过新建管道向中国供应天然气。俄罗斯天然气工业公司首席执行官Alexey Miller说，根据协议，将在30年里每年向中国供气380亿立方米，将在4-6年内开始供气。,2014/5/22 7:33
32,俄罗斯能源部长Alexander Novak称，根据协议，中国可能预付不超过250亿美元，用于必要的基础设施建设。俄罗斯总统普京表示，俄罗斯将投资550亿美元进行油气田和输气管道建设，中国将投入至少200亿美元建设中国境内的管线。普京：两国对于价格都感到满意。,2014/5/22 7:33
31,汇丰控股和Markit Economics今天上午9:45发布5月份中国制造业PMI初值，彭博调查经济学家所得预估中值为48.3。4月份终值报48.1，连续第四个月低于50。,2014/5/22 7:36
30,澳大利亚竞争与消费者委员会：澳大利亚和中国将加强并购监管方面的合作。,2014/5/22 7:39
29,据联邦公开市场委员会4月29-30日会议纪要：继续采取推低失业率的刺激措施没有诱发通胀率猛升的风险。一旦决定自2006年以来首次加息，可以使用的政策工具包括隔夜逆回购、定期存款机制、超额准备金利率等。美联储官员未提到出售资产，他们还警告房地产行业持续减速的风险。,2014/5/22 7:41
28,英国央行货币政策委员会在昨天发布的会议纪要中表示，随着经济复苏以及金融失衡风险上升，加息的理由对于一些央行官员变得越来越有说服力。,2014/5/22 7:43
27,美国监管部门和检察部门正在寻求对巴黎银行罚款超过50亿美元。知情人士称，美国联邦检察官正在促使巴黎银行认罪，承认违反美国对苏丹、伊朗和古巴等国的制裁，为一些客户转移资金。纽约金融服务监察员提出暂时禁止该公司在美国进行跨境转账业务。 ,2014/5/22 7:45
26,美国银行将放弃电子做市商业务。知情人士透露，美国银行将放弃去年创立、服务于美林理财部门的电子做市商业务，因为美国股票市场监管日趋严格，管理层担心这项业务可能被他人视为有利益冲突。(彭博),2014/5/22 7:46
25,台湾预计人民币最快在2020年与美元并列。台湾“中央银行”出具历来最完整的人民币研究报告，直指三年后人民币即可能超日赶英，最快在2020年即可与美元共享国际主要准备货币的地位。(台湾经济日报),2014/5/22 7:49
24,中国不应转变货币政策基本立场。《证券时报》头版评论文章称，中国稳增长要避免货币政策过于僵硬死板，可以进行微调，但目前还远不到政策基本立场发生转变的时候。相对而言，财政政策在增收节支方面操作空间更大一些，并且可以尽快实行。全球实时财经新闻直播http://t.cn/8FDPrwo,2014/5/22 7:53
23,中国互联网保险法规或升级出台。有望成为互联网金融首部法规、并已向业内和社会公开征求过意见的《关于规范人身保险公司经营互联网保险有关问题的通知》，因种种原因而陷入搁浅阶段。不过，保监会有意在更高层面出台相关规范性文件，全面涵盖人身险、财产险和中介领域的互联网保险业务。(上海证券报),2014/5/22 7:56
22,中国央行可能今天发布上海自贸区自由贸易账户政策。上海证券报记者从知情人士处获悉，5月22日，人民银行上海总部将召开会议，通报自由贸易账户有关政策。这意味着，市场期待的自由贸易账户分账核算管理体系这只“靴子”或将落地。,2014/5/22 7:58
21,四维图新获准引入腾讯作为战略投资者。四维图新在深交所发布公告称，控股股东中国四维已收到国务院国资委批复，同意将所持四维图新7800万股股份转让给腾讯产业基金。转让完成后，中国四维持有12.58%，腾讯产业基金持11.28%。四维图新股票今日起复牌。,2014/5/22 8:00
20,中国证券登记结算就沪港通计划接触汇丰。中国证券登记结算上月底起，已在内地与个别具条件担任结算银行的业界接触，消息透露，除中行旗下中银香港属大热外，同样在港具人民币操盘量及业务流通性的汇丰，亦曾获初步接触，另一在港业务较具规模的中资行交行也在洽谈之列。(苹果日报),2014/5/22 8:03
19,"日股日经225指数开盘涨1%至14,188.28点。",2014/5/22 8:03
18,受惠沪港通，台湾人民币货币市场基金有望较去年增加逾两倍。投信投顾公会理事长林弘立接受彭博新闻访问时称，受惠于下半年沪港通启动，台湾证交所也准备推动挂牌人民币计价 的ETF，随着人民币投资标的增加、交易活跃，投资人需要资金池以暂时停泊资金。,2014/5/22 8:10
17,"澳大利亚标普/澳证 200指数上涨10.23点报5,434.80点，韩国Kospi指数上q9.01点报2,017.34点。",2014/5/22 8:11
16,标致雪铁龙完成2.89亿股新股发行，这是其30亿欧元增资计划的一部分。中国合作伙伴东风汽车与法国政府分别认购股份，令各自持股比例达到14.1%的目标。,2014/5/22 8:15
15,中国北车（6199 HK）、碧瑶绿色集团（1397 HK）今天在香港挂牌上市。,2014/5/22 8:16
14,中国证监会昨天预披露5家企业IPO招股说明书，其中包括浙江济民制药、上海润达医疗科技等。辽宁禾丰牧业、重庆川仪自动化和重庆燃气集团的首发审核获通过。,2014/5/22 8:22
13,"工银国际融资有限公司和工银国际证券有限公司因其在宝龙地产2009年IPO中所担当的角色，被香港证监会各处以1,250万港元的罚款。",2014/5/22 8:27
12,美国参议院确认以色列央行前行长Stanley Fischer加入美联储理事会，推迟另一项对他出任美联储副主席提名的投票表决。,2014/5/22 8:29
11,台湾4月份失业率报4.04%，预估中值4.07%。,2014/5/22 8:32
10,光明食品称已达成协议收购以色列食品公司Tnuva 56%股权。,2014/5/22 8:42
9,日本投资者上周买超外债14143亿日元，创四年最大规模。,2014/5/22 8:44
8,李克强：2020年前分步建设172项重大水利工程。国务院总理李克强5月21日主持召开国务院常务会议，在今明年和“十三五”期间分步建设纳入规划的172项重大水利工程。工程建成后，将实现新增年供水能力800亿立方米和农业节水能力260亿立方米、增加灌溉面积7800多万亩。(中国政府网) ,2014/5/22 8:49
7,英国央行预测英经济二季度增长0.9%。英国央行货币政策委员会在当月例会上一致同意，维持0.5%的超低利率水平和3750亿英镑(约合6300亿美元)的金融资产购买规模不变。,2014/5/22 8:58
6,葡萄牙政府21日成功发行总额为12.5亿欧元（约合17.1亿美元）的短期债券，这是葡萄牙正式退出国际救助计划后首次发行国债。,2014/5/22 9:46
5,人民币兑美元中间价下调0.02%，报6.1658元。昨日下调0.03%，至6.1645。,2014/5/22 9:19
4,交易员：中国央行将进行300亿元人民币28天期正回购。,2014/5/22 9:17
3,新浪微博CEO：新浪微博将扩大移动游戏业务。,2014/5/22 9:22
2,中国央行公开市场本周净投放1200亿元人民币，创四个月来单周最高。（汇通网）,2014/5/22 9:25
1,"上证综合指数开盘集合竞价下跌0.1%，至2,023.15。沪深300指数开盘集合竞价下跌0.1%，至2,134.09。",2014/5/22 9:27
0,"香港恒生指数开盘上涨0.4%，报22,942.27。",2014/5/22 9:30
99,日本5月制造业PMI49.9，前值49.4。,2014/5/22 9:37
98,广东将全面推广使用国Ⅴ油，今年7月1日起启动。,2014/5/22 9:40
97,美国警方在麦当劳总部逮捕110名抗议者。这些抗议者来自麦当劳以及其它快餐店，他们要求将最低工资从每小时7.25美元提高到15美元。目击者称有近40辆大客车满载抗议者来到麦当劳位于芝加哥总部。麦当劳将于周四召开股东大会，预计届时将出现更多抗议运动。(CNN),2014/5/22 9:45
96,汇丰5月份中国制造业PMI初值报49.7，前值48.1，预估48.3。,2014/5/22 9:48
95,超预期改善的中国5月汇丰PMI数据公布后，澳元全线走强，兑美元一分钟涨37个点至0.9260。香港恒生指数、日股东证指数、韩国KOSPI指数在汇丰中国PMI预览发布后均扩大涨幅。,2014/5/22 9:53
94,联合国21日发布的年中更新版《2014年世界经济形势与展望》报告说，全球经济在未来两年将继续好转，预计2014年和2015年将分别增长2.8％和3.2％，但依然面临一些风险和不确定性。报告预计，中国经济2014年增长7.3％，2015年增长7.1％。,2014/5/22 10:00
93,发改委在网站发布公告，对美国IDC公司涉嫌价格垄断案中止调查。,2014/5/22 10:07
92,香港政府现在不会放松楼市调控。香港行政长官梁振英今天对立法会议员表示，在房地 产市场的供求恢复正常后，政府可能考虑调整部分调控措施。,2014/5/22 10:11
91,中国国产客机C919推迟交付。中国商飞管理人士周三表示，公司目前计划让C919在2015年年底首飞，2018年开始交货。此外，中国商飞已经与俄罗斯国有企业United Aircraft签署合约，联合开发一款新的宽体飞机。详见：http://t.cn/Rv2oYFZ,2014/5/22 10:12
90,今年前4个月，全国税务机关共办理出口退税3673亿元，同比增长7.9%，退税速度进一步加快。,2014/5/22 10:21
89,国内最大音频分享平台喜马拉雅获1150万美元风投。国内最大的在线音频分享平台喜马拉雅今日宣布成功获得1150万美元的 A 轮风险投资，投资机构分别为SIG（海纳亚洲）、KPCB（凯鹏华盈）与Sierra Ventures。,2014/5/22 10:23
88,"日股东证指数午间休盘涨1.2%，至1,163.77点。日股日经225指数午间休盘涨1.6%，至14,267.18点。",2014/5/22 10:31
87,中国央行上海总部：自由贸易账户将促进自贸区改革。人民币应是自由贸易账户的优先考虑。,2014/5/22 10:33
86,上海自贸区黄金国际板日前已获得监管层原则批复。筹备中的黄金国际板拟于下半年落地。上金所将利用上海自贸区平台，计划组建“上海国际黄金交易中心”子公司作为运营方，交易拟采取人民币计价，接受离岸人民币投资。境外投资者可以把外汇换成人民币后入场交易，也可以直接用离岸人民币投资。,2014/5/22 10:39
85,中国央行上海总部22日宣布正式发布《中国（上海）自由贸易实验区分账核算业务实施细则》和《中国（上海）自由贸易实验区分账核算业务风险审慎管理细则》。两项细则落地，标志着央行30条中创新有利于风险管理账户体系的政策框架已基本成型。,2014/5/22 10:45
84,中国央行上海总部称非自贸区内金融机构可以开设账户。加大外币自由使用的规定将在6个月内出台。,2014/5/22 10:52
83,据KBS报道，朴槿惠已决定韩国新任总理人选，最快于今日公布。,2014/5/22 10:58
82,汇丰控股经济学家屈宏斌：汇丰5月份中国制造业PMI预览值较4月终值显著回升。这一改善主要得益于新订单和新出口订单重新恢复扩张。反通胀压力也有所缓解，产出价格则自2013年11月以来首次出现增长。不过就业指数进一步下跌至47.3，这表明本月回暖的市场情绪尚未传导至就业市场。,2014/5/22 11:00
81,屈宏斌：经济稳定的初步迹象正在显现，这要部份归因于近期的微刺激措施和较低的借贷成本。但是，经济下行风险仍然存在，尤其是房地产市场继续降温。我们认为，未来几个月，政府需出台更多政策以稳定经济增速。,2014/5/22 11:01
80,中国反驳西方的中国粮食威胁论。周三，中国农业部再次发表声明批评布朗，对布朗撰写的《世界能否养活中国》一文表示不满。布朗对中国推高食品价格、加剧政治不稳定性感到担忧。近年来，中国一直在努力消除有关它在全球范围内争夺自然资源的印象。(WSJ) http://t.cn/Rv2NYY5,2014/5/22 11:14
79,阿里巴巴旗下网站ALIZILA发布消息，阿里云与硬件厂商合作，打造网络电视软件。,2014/5/22 11:14
78,中国将推行网络安全审查制度。我国将对关系国家安全和公共利益的系统使用的重要技术产品和服务进行网络安全审查。据悉，少数国家政府和企业利用技术垄断大规模收集敏感数据，我国政府、企业、大学及电信主干网络多次遭受大规模侵入、监听，网络安全形势严峻。（新华网）,2014/5/22 11:23
77,"上证综指上午收盘上涨0.4%，报2,033.25。沪深300指数上午收盘上涨0.5%，报2,147.57。",2014/5/22 11:31
76,"日股日经225指数午后开盘涨1.7%，至14,275.49点。日股东证指数午后开盘涨1.3%，至1,164.79点。",2014/5/22 11:32
75,国开行获得央行1000亿元人民币左右专项贷款支持。（21世纪经济报道),2014/5/22 11:33
74,中国1个月Shibor上涨不到1个基点，报4.2030%，连续第六天上涨，为5月4日以来最高。3个月Shibor下跌约3个基点，报5.0935%，刷新2013年12月5日以来低点，连续第十六天下跌。,2014/5/22 11:36
73,张新：上海自贸区分账核算业务按照先本币后外币的原则从本币起步。中国人民银行上海分行行长张新今天在上海举行的记者会上表示，按照先本币后外币的原则，自由贸易账户业务从本币起步。中国不会一夜之间完全开放资本账户，中国将逐步、有管理地开放资本账户。,2014/5/22 11:38
72,中石油成中俄天然气供应协议的赢家。野村国际关荣乐表示，中国石油获得一笔有吸引力的天然气交易，其价格比欧盟国家当前支付的价格低10%，比当前的液化天然气价格低40%。一旦天然气销售启动，这可能把中国石油的每股盈利提高10%左右。 http://t.cn/Rv20gkA,2014/5/22 11:50
71,中国商飞C919客机计划2015年首飞。(新华社),2014/5/22 11:56
70,"香港恒生指数上午收盘上涨0.7% 报23,005.27。",2014/5/22 12:02
69,"北京市政府：北京地铁将修往河北""相关城市""。在今天召开的北京市十四届人大常委会上，由市政府相关部门提供的宣传片介绍，在京津冀协同发展的背景下，北京的地铁线路将修往河北相关城市。这是官方首次公开这一信息，但未透露具体修建到河北哪座城市。(京华时报)",2014/5/22 12:08
68,中国移动称2014年计划售出2亿台3G与4G手机，政府并未下达削减手机补贴的通知。,2014/5/22 12:15
67,中国移动称其需要在互联网电视领域发展业务。,2014/5/22 12:15
66,罗氏通过电子邮件发表评论，称杭州当地政府部门到访了罗氏杭州办事处，杭州政府部门到访的具体细节尚不明确，罗氏将全力配合中国政府相关部门的工作。(彭博),2014/5/22 12:22
65,穆迪：中国的跨境担保外汇管理规定属信用利好。中国的新政策基本上与草案相同，是朝着放开资本项目控制迈出的一“大步”。将有助于中国企业在海外筹资，继而支持他们的海外经营和扩张。中国企业还能因此而更加及时地抓住并购机会。,2014/5/22 12:24
64,野村：中国再贷款操作是政策放松的重要信号。野村今日的报告称，中国央行再贷款显示出整体货币政策立场已明确放松，亦或帮助解释4月份M2增速为何大幅反弹至13.2%。,2014/5/22 12:26
63,野村：假设央行5月和6月份以相同速度继续向国开行提供贷款，预计截止6月末，央行将注入4900亿元人民币基础货币，这一金额相当于降准45个基点。预计下半年经济增长将小幅反弹。,2014/5/22 12:27
62,中金：中国稳增长效果初显，大幅全面刺激的可能性下降。分析师陈健恒今日的报告称，汇丰PMI初值回升幅度超过市场预期，可能与保障房、铁路建设及水利设施建设等定向稳增长措施逐步推进有关。在经济已有所企稳并回升的情况下，货币政策或仍是局部定向放松为主，钱荒不会再现。,2014/5/22 12:37
61,中金：目前中国狭义流动性已足够宽松，缺的只是广义流动性，随着非标转标力度的推进，信用债大幅供给的情况下，社会融资环比和同比增速有望逐步稳定并有所回升。目前房地产仍处于弱市情况下，经济动能还不会太强，但最悲观的时候已渐行渐远。,2014/5/22 12:38
60,台湾行政院在声明中就信用卡发表评论，要求银行下调部分信用卡利息。,2014/5/22 12:45
59,美元兑日元从200天移动均线反弹，维持涨势。美元维持涨势的原因还包括美股反弹带动投资人的风险偏好，以及美债收益率的上升提高美国资产的吸引力。,2014/5/22 12:48
58,法国巴黎银行：汇丰制造业PMI反弹，中国经济不太可能硬着陆。中国经济学家荣静今日的报告称，5月份汇丰中国制造业PMI初值意外反弹，显示政府3月中以来采取的一系列微刺激政策，已经开始成功提振经济增长。,2014/5/22 12:51
57,渣打经济学家GREEN：中国将很快需要下调存款准备金率。,2014/5/22 12:52
56,中国移动：和17家移动虚拟网络运营商有初步协议。营改增将对公司造成负面影响。,2014/5/22 13:00
55,"上证综指下午开盘上涨0.4%，报2,033.47。沪深300指数下午开盘上涨0.6%，报2,147.71。香港恒生指数下午开盘上涨0.8%，报23,010.14。",2014/5/22 13:01
54,招商银行：中国版“市政债”启动或倒逼地方政府预算信息公开。高级分析师刘东亮昨日点评称，财政部公布地方政府债自发自还试点办法，标志着中国版的“市政债”正式启动。此举料降低地方政府的融资成本，强化地方政府对债务的自我约束，并且倒逼地方政府预算信息公开。,2014/5/22 13:12
53,乌鲁木齐早市爆炸造成31人遇难，90多人受伤。（新华社）,2014/5/22 13:07
52,公安部在官方微博发布公告称新疆爆炸案是严重暴恐事件。,2014/5/22 13:19
51,国家主席习近平要求及时组织救治受伤群众，迅速侦破案件，从严惩处暴恐分子。  ,2014/5/22 13:20
50,调查称人民币成为全球性货币面临诸多挑战，2020年或实现全面可兑换。据对投资专业人士进行的一项调查，人民币成为全球性货币的前景取决于化解诸多结构性挑战，包括经纪商未做好准备以及语言障碍。许多参与调查人士认为人民币可能会在2020年实现全面可兑换，这是成为储备货币的先决条件。,2014/5/22 13:33
49,"台股加权指数收盘涨1.2%，至8,969.63点。",2014/5/22 13:36
48,中国煤炭行业现史上最长“安全时段”。22日在国务院新闻办举行的发布会上，国家安监总局局长杨栋梁表示，截至目前煤矿连续14个月没有发生特别重大事故，“这也是历史上煤矿最长的一个‘安全时段’”。,2014/5/22 13:44
47,周四黄金ETF现3周最大流出量，汇丰称近期金价将疲软。SPDR黄金基金周四流出3.3吨，是4月30日以来的最大流出量，总持有量降到776.89吨，为五年新低。汇丰银行分析师James Steel说：“大部分官员都称经济前景没有重大变化并且同意缩减。近期金价会保持疲软。”,2014/5/22 13:53
46,"日经225指数收盘涨2.1%至14,337.79点。",2014/5/22 14:00
45,俄罗斯经济部长ULYUKAYEV：中俄天然气协议价格大约在每千立方米350美元。(彭博),2014/5/22 14:03
44,IFX：中国的银行可能对MRSK SIBERIA项目投资最多50亿美元。,2014/5/22 14:05
43,"韩国Kospi指数上q7.26点报2,015.59点。",2014/5/22 14:06
42,"澳大利亚标普/澳证 200指数上涨55.53点报5,480.10点。",2014/5/22 14:06
41,联合利华将以21.5亿美元向MIZKAN出售RAGU和BERTOLLI品牌。,2014/5/22 14:07
40,世界第二大啤酒酿造商南非米勒全年EBITA 64.5亿美元，预估64.4亿。,2014/5/22 14:11
39,韩国总统办公室发言人MIN表示，韩国总统朴槿惠提名AHN DAI HEE为总理。,2014/5/22 14:14
38,俄罗斯央行将卢布每日干预规模调整为1.00亿美元，作为临时干预区间上限。 ,2014/5/22 14:17
37,根据协鑫新能源昨日呈交给香港交易所的公告，中国光伏电站开发商协鑫新能源计划与包括中国国电集团公司子公司在内的三家公司联手开发产能达4.15千兆瓦的项目。,2014/5/22 14:22
36,"京东宣布今晚上市，其IPO发行价定为每股美国存托凭证(ADS)19.00美元，共发行93,685,620股，每股美国存托股票相当于2股公司A类普通股。",2014/5/22 14:30
35,法国5月INSEE商业信心指数99.0，预期100.0，前值100.0。,2014/5/22 14:47
34,新西兰央行周四称，该行已和中国央行延长了此前签署的货币互换协议的实施期限，为新中两国企业间的跨境交易结算提供支持。（WSJ）,2014/5/22 14:53
33,住建部多位人士确认，除北上广深之外，其它城市的限购政策可以自行调节，尤其是库存过大的地方，但不会明确发文。,2014/5/22 14:59
32,法国5月制造业PMI初值49.3，创四个月以来最低水平，预期51.0，前值51.2。法国5月服务业PMI初值49.2，预期50.2，前值50.4。,2014/5/22 15:09
31,法国5月综合PMI初值49.3，前值50.6，为三个月来首次陷入萎缩。,2014/5/22 15:04
30,泛欧Stoxx 600指数开盘上涨0.2%，报341.05点。英国富时100指数涨0.2%，法国CAC 40指数涨0.1%，德国DAX 30指数涨0.2%。,2014/5/22 15:05
29,上证综指收盘报2021.29点，跌3.67点，跌幅0.18%。深证成指收盘7183.68点，跌20.97点，跌幅0.29%。,2014/5/22 15:08
28,FT社论：中俄协议并非普京的胜利。协议签署令普京能够同时向国际社会和俄罗斯本国人民理直气壮地说，他在东方拥有一个强大的新盟友。不过普京应谨防过度狂妄，俄罗斯将永远注定是“初级合伙人”及原料供应者。对拥有如此辉煌历史的人民来说，这令人蒙羞。http://t.cn/Rv2nDw3,2014/5/22 15:11
27,神州租车控股据称寻求在美国IPO中融资不超过4亿美元。（彭博）,2014/5/22 15:12
26,国务院发展研究中心宏观经济研究部副主任任泽平：预计2014年中国GDP全年增长7.2%左右，经济增速将在2-3年内回落至5%。（上海证券报）,2014/5/22 15:24
25,德国5月制造业PMI初值52.9，预期54.0，前值54.1。德国5月服务业PMI初值56.4，预期54.5，前值54.7。,2014/5/22 15:30
24,德国5月综合PMI初值56.1，预期56.0，前值56.1。,2014/5/22 15:34
23,俄罗斯首都莫斯科西部一栋9层楼房发生天然气爆炸事件，爆炸引起火灾，有人员伤亡。（俄塔社）,2014/5/22 15:35
22,前海今日挂牌出让四宗土地，第一块面积为2.49万平方米的土地由腾讯以挂牌起始价15.4627亿获得。前海相关人士介绍，T201-0081宗地限制为上市科技网络股，营收收入不低于400亿，为定向出让。,2014/5/22 15:37
21,长虹与苏宁签署了一份“3年260亿”的战略合作协议，目标三年内完成彩电、冰洗、空调等品类260亿元的销售目标。（中新网）,2014/5/22 15:43
20,国家外汇管理局局长易纲：深化外汇管理改革的核心内容之一，就是要坚持不懈地促进贸易投资便利化，满足企业合理的外汇政策需求。外汇管理部门要积极支持地方经济发展，在符合国家总体规划的前提下，鼓励有条件的地区就部分外汇管理政策先行先试。,2014/5/22 15:53
19,欧元区5月制造业PMI初值52.5，预期53.2，前值53.4。欧元区5月服务业PMI初值53.5，预期53.0，前值53.1。,2014/5/22 16:00
18,欧元区5月综合PMI初值53.9，预期53.9，前值54.0。,2014/5/22 16:01
17,"香港恒生指数收盘上涨0.5%，报22,953.76。",2014/5/22 16:05
16,惠誉：中石油与俄罗斯天然气工业交易对中国天然气供应中期利好。,2014/5/22 16:10
15,惠誉：中俄天然气交易表明中国转向更清洁能源，有助中国天然气进口来源多元化。,2014/5/22 16:12
14,高盛：澳大利亚基本面预示澳元仍将走弱。Fiona Lake和Robin Brooks在21日的报告中称，预计澳大利亚宏观经济活动将维持疲弱，足以促使央行在7月再降息一次，这点似乎还未反映在利率市场。,2014/5/22 16:14
13,惠誉预计中俄天然气价格协议在每千立方米350美元或以上。,2014/5/22 16:17
12,腾讯微信蚕食短信业务，中国移动拟增强内容服务。中国移动首席执行官李跃今天在香港举行的公司年度大会上表示，中国移动的手机短信量去年下降15%左右，今年1-4月份减少约22%。腾讯的微信对手机短信业务造成很大的影响。,2014/5/22 16:20
11,中国移动董事长奚国华在会议上表示，作为对此的响应，中国移动计划提高在内容服务方面的参与度。中国移动不应该只是个渠道。他说，中国移动需要内容。公司正在创建音乐、阅读和视频内容。视频是未来非常好的一个领域。游戏、动画动漫也是如此。,2014/5/22 16:21
10,俄罗斯财长西卢安诺夫：俄罗斯可能会对输往中国的天然气免征矿产开采税。,2014/5/22 16:24
9,香港4月份消费物价同比上涨3.7%。,2014/5/22 16:30
8,非洲开发银行将于中国央行签署20亿美元授信额度。,2014/5/22 16:30
7,英国第一季度GDP增长0.8%，符合初步预估。,2014/5/22 16:31
6,英国4月份预算赤字115亿英镑，预估中值84亿。,2014/5/22 16:34
5,数据公布后英镑兑美元刷新日内低点1.6875。,2014/5/22 16:35
4,中国建设银行称董事会批准计划在伦敦设立分行。,2014/5/22 16:38
3,德意志银行因与优派能源相关的交易违反监管规定遭到香港证监会谴责及罚款。,2014/5/22 16:44
2,宁夏回族自治区政府与阿里巴巴在银川宣布达成战略合作。双方将共同推进宁夏云计算数据中心建设，打造面向中国、阿拉伯，辐射全球市场的互联网经济试验区和国际自由数据港。,2014/5/22 16:54
1,索尼集团在总部召开2014财年企业战略说明会。索尼集团未来将对旗下电子业务架构进行大幅改革，退出个人电脑市场，并成立一家新公司运营电视业务。此外，索尼还会继续削减运营成本。,2014/5/22 17:04
0,俄罗斯石油公司（Rosneft）总裁谢琴：美国对他个人实施的制裁未影响到他与美国合作伙伴的合作，也未影响到他个人。（路透）,2014/5/22 17:13
99,今日在赤峰考察城市基础设施建设情况时，李克强鼓励当地政府，未来城市基础设施建设中要吸引更多社会资本，补足城市发展“短板”。他以城市污水处理为例指出，只靠政府补贴难以持续，应放开行业准入吸引更多社会资本，进而实现相关项目的自主运营和盈利。,2014/5/22 17:25
98,时代万恒将以2500万美元购买加蓬共和国林业公司95.5%股权。,2014/5/22 17:34
97,上交所发布2014年端午节休市安排：根据《关于上海证券交易所2014年全年休市安排的通知》)，6月2日(星期一)休市，6月3日(星期二)起照唱市。另外，5月31日(星期六)、6月1日(星期日)为周末休市。,2014/5/22 17:36
96,摩根大通今日发布投资报告，维持新浪股票(Nasdaq:SINA)“增持”评级。,2014/5/22 17:37
95,万科表示，公司B股转H股在香港以介绍形式上市的计划，已获香港联交所上市委员会批准。计划向深圳交易所申请公司B股股票自下月4日起停牌。,2014/5/22 17:49
94,摩根士丹利维持人人股票(NYSE:RENN)“减持”评级。,2014/5/22 17:58
93,英国5月CBI工业订单预期差值0，预期+4，前值-1。,2014/5/22 18:01
92,泰国军方领导人称军队正控制政府。,2014/5/22 18:06
91,中信国际电讯与印度电信运营商信实电信(Reliance Communications)将成立合资公司。（金融时报）,2014/5/22 18:10
90,5月22日晚间证监会再发第二十四批3家预披露名单。其中，1家在上交所上市，2家在中小板上市。加上此前二十三批披露的369家，目前已有372家企业披露招股说明书。,2014/5/22 18:17
89,泰铢兑美元走软，泰国军方此前宣布控制政府。,2014/5/22 18:26
88,据国家质检总局消息，雷诺将自2014年5月23日起，召回部分进口梅甘娜CC汽车，生产日期为2009年7月7日至2013年7月31日。据该公司统计，在中国大陆地区共涉及202辆。,2014/5/22 18:28
87,财政部：中国今年地方政府自发自还债券总规模为1092亿元人民币。,2014/5/22 18:34
86,惠誉：中国地方政府债券决定利好信用评级。,2014/5/22 18:41
85,联想集团CEO杨元庆接受电话采访时表示，联想对收购持开放态度，但不会寻求“大交易”。联想将重点放在“消化”摩托罗拉和IBM收购上。（彭博）,2014/5/22 18:50
84,高盛维持微博股票(Nasdaq:WB)“买入”评级，同时维持24美元的目标股价不变。,2014/5/22 18:57
83,百思买2014年第一财季调整后每股收益33美分，较预期高出13美分。营收90.3亿美元，同比下降3.4%，较预期低1.7亿美元。全季净利润4.61亿美元，合每股收益1.31美元。,2014/5/22 19:07
82,索尼CEO平井一夫：公司没有出售电视制造业务的计划，虽然该部门连续多个季度亏损，如果出现潜在合作伙伴，公司可能同意对方参股电视部门。,2014/5/22 19:14
81,受朝韩炮击事件等一系列国际紧张事态影响，美市主力期金最高至1298.5美元/盎司，刷新日内新高。,2014/5/22 19:27
80,土耳其央行：维持隔夜借款利率在8.0%和隔夜贷款利率在12.0%不变，下调基准回购利率至9.5%。最后者出乎市场预料。,2014/5/22 19:47
79,俄罗斯石油企业Gazprom Neft首席执行官Alexander Dyukov表示，许多客户准备将合同的结算货币从美元换成人民币或欧元。Gazprom Neft是俄罗斯国有天然气公司Gazprom的石油业务部门。,2014/5/22 19:36
78,国际文传电讯社周四援引俄罗斯财政部长西卢安诺夫的话称，俄国考虑对输送往中国的天然气免除矿产开采税。,2014/5/22 19:51
77,国务院发展研究中心宏观经济研究部前副主任任泽平：中国经济正处于由高速增长向中速增长的换挡期，未来2-3年内国内生产总值(GDP)增速将回落至5%-6%区间。,2014/5/22 19:52
76,俄罗斯4月失业率 5.3%，预期5.4%，前值5.4%。,2014/5/22 20:04
75,融创中国将以63亿港元购买绿城中国24.3%股份。,2014/5/22 20:05
74,南非铂金矿商Implats的CEO：罢工可能会持续更长时间，因矿商提议与工会主张仍相去甚远。,2014/5/22 20:16
73,现货黄金价格刷新近一周高位至1301.59美元/盎司。,2014/5/22 20:24
72,美国5月17日当周初请失业金人数32.6万，预期31.0万，前值29.8万。,2014/5/22 20:35
71,加拿大3月核心零售销售月率+0.1%，预期+0.5%，前值+0.9%。加拿大3月零售销售月率-0.1%，预期+0.2%，前值+0.7%。,2014/5/22 20:31
70,美国4月芝加哥联储全国活动指数-0.32，前值0.34。,2014/5/22 20:32
69,加拿大零售销售不及预期，美元兑加元刷新日内高点1.0928。,2014/5/22 20:33
68,高盛集团同意将自己的纽约证交所做市商业务出售给高频交易公司IMC Financial Markets。该交易预计将在第三季度完成，IMC将成为超过630只证券和大约400家公司的指定做市商。,2014/5/22 20:42
67,上海电气称徐建国因年龄原因不再担任主席及首席执行官职务，黄迪南接任。,2014/5/22 20:52
66,俄罗斯副总理Dvorkovich：俄罗斯没有考虑对中国天然气供应出口关税减免。（彭博）,2014/5/22 21:03
65,联合国：经济危机发生已五年，世界经济仍未返回到全面运行的状态。世界经济在今明两年有望增强，增长率在2014和2015年分别达2.8%和3.2%，略比2013年底所作的预测有所下调，原因包括严寒天气影响美国一季度经济增长，乌克兰政局动荡克里米亚危机，及美国缩减QE规模。,2014/5/22 21:16
64,南非维持基准利率在5.5%不变，符合预期。,2014/5/22 21:20
63,德银在其股东大会上披露，目前面临约1000起价值在10万欧元以上的大诉讼，面临的诉讼总数则高达6000多起，仅去年一年就支付了约3.5亿欧元法律咨询费。过去两年，德银已支付了超过50亿欧元的诉讼和解金和罚款。,2014/5/22 21:23
62,"道琼斯工业平均指数开盘下跌4.05点，报16,529.01点，跌幅为0.02%；标准普尔500指数上涨0.52点，报1,888.55点，涨幅为0.03%；纳斯达克综合指数上涨4.41点，报4,135.95点，涨幅为0.11%。 ",2014/5/22 21:32
61,利比亚国家石油公司发言人表示，今日利比亚石油产量下降至20万桶。,2014/5/22 21:38
60,蒂芙尼(TIF)将季度派息金额提高12%，从每股34美分上调为38美分，预期值为37美分。,2014/5/22 21:39
59,美国5月Markit制造业PMI初值56.2，预期55.5，前值55.4。,2014/5/22 21:45
58,美国5月份彭博经济预期指数从48跌至42.5。,2014/5/22 21:46
57,据消息来源称，西门子公司正在增持KUKA公司股份。,2014/5/22 21:47
56,"奢侈品零售商蒂芙尼周四宣布，其董事会已批准将季度股息上调12%，至每股38美分。  ",2014/5/22 21:59
55,美国4月成屋销售总数年化465万户，预期468万户，前值459万户。美国4月成屋销售年化月率+1.3%，预期+2.2%，前值-0.2%。,2014/5/22 22:02
54,美银美林公司将人人网(RENN)股票评级从“中性”下调为“减持”。,2014/5/22 22:02
53,美国4月领先经济指标指数环比增0.4%，预期0.4%，前值1.0%(修正值)。4月同步经济指标指数+0.1%，滞后经济指标指数+0.2%。,2014/5/22 22:07
52,伦敦黄金现货定盘价为每盎司1298.50美元。,2014/5/22 22:14
51,麦当劳(MCD)称现在没有拆股计划。,2014/5/22 22:15
50,美国10年期国债收益率攀升至一周新高。,2014/5/22 22:30
49,索尼公司CEO称，公司需要尽快采取行动，会对公司进行改革。,2014/5/22 22:32
48,美国能源信息署报告称，截止5月16日当周美国天然气库存量增加1060亿立方英尺。,2014/5/22 22:45
47,俄罗斯经济部长称，俄罗斯在第二季度可能能够避免经济衰退，与2014年第一个季度的3个月相比资本外流得到缓解。,2014/5/22 22:51
46,丰田召回10462辆雷克萨斯GS汽车，原因是刹车负荷传感开关存在问题。,2014/5/22 22:53
45,美元/日元汇率持续攀升。今日亚太汇市中，美元/日元汇率收于101.76日元。,2014/5/22 23:02
44,受印度尼西亚禁止铝土出口的影响，铝的价格将要上涨。,2014/5/22 23:04
43,京东(代码JD)于23:03开始在纳斯达克交易，开盘价21.75美元，较19美元定价高出14.5%。京东是迄今中国企业在美最大IPO。查看京东极速行情PC端 http://t.cn/RvLtrLm，WAP端 http://t.cn/8sQq4qs 专题http://t.cn/8FJfIL0,2014/5/22 23:07
42,美国财政部再融资声明：将标售950亿美元2年期、5年期与7年期定息国债；标售130亿美元2年期浮动利率国债。,2014/5/22 23:09
41,市场传言称：卡尔-伊坎将披露其在推特(TWTR)持有大量股份。此传言未经证实。,2014/5/22 23:10
40,在永久性公开市场操作项目中，美联储收购9.7亿美元22-30年期的国债。,2014/5/22 23:11
39,"国际铜业研究集团(ICSG)报告称，2014年2月份全球精炼铜缺口达5000吨，1月份的缺口为123,000吨。",2014/5/22 23:18
38,欧股收盘：英国富时指数收高0.07%，德国DAX指数收高0.32%，法国CAC指数收高0.26%，西班牙IBEX指数收跌0.06%，意大利富时MIB指数收跌1.09%，Eurostoxx指数收高0.08%。,2014/5/22 23:41
37,黄金价格上涨，主要得益于乌克兰境内冲突数量增多和中国PMI数据的上升，但金价也面临一些压力，因为5月份美国制造业指数创3个月新高，这缓解了黄金的一些避险需求。纽交所6月交割黄金上次收盘上涨10.50美元，涨幅0.8%，至每盎司1298.60美元。,2014/5/22 23:57
36,美国众议院通过法案，对国家安全局的监控设定限制。,2014/5/22 23:59
35,惠誉据称将希腊评级从B-上调至B，展望稳定。,2014/5/23 0:00
34,美国股市周四午盘攀升，延续了昨日上涨势头。美国制造业扩张、二手房销售攀升，抵消了首次申请失业金人数攀升的利空影响。数家零售商在公布财报之后股价上扬。,2014/5/23 0:04
33,俄罗斯财长：如果市场变得不利，可能会在2015年取消海外主权借贷计划。,2014/5/23 0:08
32,瑞士信贷预计今年下半年铁矿石价格将创新低，跌破每吨87美元。,2014/5/23 0:09
31,欧洲央行魏德曼：如果有必要，欧洲央行准备使用非传统工具；必须权衡金融交易税的成本和好处；通缩风险非常极弱。 ,2014/5/23 0:09
30,券商Macquarie预计第三季度铜价将为每吨6450美元，将2014年金价预期上调为每盎司1274美元，2015年金价预期上调为每盎司1331美元。,2014/5/23 0:10
29,波音公布拿到的最新订单，总共75架飞机，其中身份不明的顾客订购50架波音737，美国东部航空公司订购了10架波音737，泰国Nok Air航空公司订购了15架。,2014/5/23 0:32
28,英国蒂赛德（Teesside)天然气加工厂意外停止。,2014/5/23 0:26
27,丰田汽车公司周四宣布，将在全球范围内召回约51.6万辆汽车，涉及雷克萨斯GS、塞纳和汉兰达的一些车型。其中在中国市场销售的约有数千辆。51.6万辆汽车中包括约45万辆塞纳、5万辆2014年款汉兰达和汉兰达HV、1.6万辆2013年款雷克萨斯GS。,2014/5/23 0:27
26,美国国家运输安全委员会(NTSB)称，波音(BA)与Polypore(PPO)公司的电池测试不够充分，不能防止电池出现故障；美国联邦航空局(FAA)应该检查其他航空器上面的电池。,2014/5/23 0:34
25,俄罗斯财长：国家福利基金可能再次被当作应对危机的资源。,2014/5/23 0:43
24,欧洲央行魏德曼称，银行可能把金融交易税的成本转移到客户身上，振兴ABS市场不是主要银行的任务。,2014/5/23 0:48
23,联合利华以21.5亿美元价格出售旗下乐谷(Ragu)品牌。,2014/5/23 0:51
22,专家称，谷歌眼镜可能会引起眼睛损伤。,2014/5/23 0:55
21,标普预期英国GDP2014年增长2.9%，2015年增长2.5%。,2014/5/23 0:57
20,美国9年零8个月期通胀保值债券收益率0.339%，边际配售比为85.22%。,2014/5/23 1:04
19,据消息来源称，中石化(Sinopec)准备在伊朗开始建设第二期石油项目，预计建成后将使其每日石油产量增加11万桶。,2014/5/23 1:19
18,芬兰航空计划到2020年将运往中日两国的挪威三文鱼数量提高一倍，从现在的每周300吨增至600吨，以满足两国食客、特别是中国不断增长的中产阶级的需求。挪威和中日两国之间目前未开通直达航班。,2014/5/23 1:28
17,纽约商业交易所6月份交割的黄金期货价格上涨6.90美元或0.5%，收于每盎司1295美元。,2014/5/23 1:43
16,伊朗高级官员：中国石化可能继续开发伊朗油田。,2014/5/23 1:49
15,通用电气公司(GE)准备将收购阿尔斯通公司(ALO)要约的有效期限从6月2日延长至6月23日。(《费加罗报》),2014/5/23 1:49
14,欧洲央行：在压力测试中比利时德克夏银行将不受危机情景考验。,2014/5/23 2:04
13,阿斯利康公司(AZN)股东Grantham Mayo称赞同辉瑞制药(PFE)的收购要约。Grantham拥有阿斯利康公司1.3%的股份。,2014/5/23 2:07
12,周四瑞士信贷发售了总计50亿美元的三种债券。德意志银行也发售了三种不同到期年限的债券。,2014/5/23 2:14
11,谷歌昂贵的智能眼镜不仅让电子产品爱好者的预算拮据，也会使一夜用户的眼睛疲劳。据技术网站BetaBeat称，谷歌眼睛显示屏要求用户向上和向右看，偏离了自然的视线，这可能会引起头痛。之前etaBeat采访了哈佛大学的医生埃里-佩利。目前，谷歌已经聘请佩利为其咨询顾问。,2014/5/23 2:36
10,纽约商业交易所7月份交割的原油期货价格下跌33美分或0.3%，收于每桶103.74美元。,2014/5/23 2:38
9,据路透社报道，京东向美国证券监管机构提交的IPO招股说明书显示，该公司在准备IPO期间向刘强东发放了价值5.91亿美元的一次性股票奖励，若按IPO价格每股19美元计算价值8.91亿美元，相当于京东IPO筹资总额的近一半。,2014/5/23 2:50
8,华尔街一些最著名的大投资者正在做空住房市场，称其复苏进程已遭遇挫败。贝莱德CEO称，从结构上来看，住房市场的健康程度不如金融危机以前，原因是其过于依赖抵押贷款融资巨头房利美(FNMA)和房地美(FMCC)。,2014/5/23 3:14
7,美国石油学会称，今年4月份美国的石油需求同比增长2.3%，达到每日190万桶。,2014/5/23 3:23
6,加拿大贸易部长法斯特(Ed Fast)：加拿大需要有资金或技术的移民。,2014/5/23 3:50
5,惠普(HPQ)第二财季经过调整之后每股收益88美分，预期88美分；第二财季营收273亿美元，预期274亿美元。,2014/5/23 3:50
4,通用电气应法国政府要求将标购阿尔斯通的最终期限延后至6月23日。,2014/5/23 3:57
3,惠普预计裁员总数将增加1.1万人，达到1.6万,2014/5/23 4:00
2,"周四美股收高，小型股与生技股领涨。美国制造业扩张、二手房销售攀升，抵消了首申失业金人数攀升的利空影响。道指上涨10.02点，收于16,543.08点；标普500指数上涨4.47点，收于1,892.50点；纳指上涨22.80点，收于4,154.34点。 ",2014/5/23 4:07
1,世纪互联第一季度净营收为人民币5.860亿元(约合9430万美元)，比去年同期的人民币4.357亿元增长34.5%；净亏损为人民币 1.514亿元(约合2440万美元)，去年同期净利润为人民币1200万元。该股盘后跌6%，http://t.cn/8kzU0k3,2014/5/23 4:14
0,太平洋皇冠证券今天发布研究报告，将58同城(NYSE:WUBA)的股票评级维持在“买入”(Buy)不变，同时将其目标价从58美元下调至55美元。,2014/5/23 4:14
99,康普科纬迅（Compuware）第四财季营业额1.834亿美元，市场估值2.113亿美元；调整后每股收益10美分，预估值8美分。,2014/5/23 4:14
98,罗斯百货(Ross Stores)第一财季每股收益1.15美元，前值1.07美元；预期第二财季每股收益1.05美元，预期全年美股收益4.09美元。,2014/5/23 4:19
97,TIVO第一财季每股收益7美分， FactSet预期每股平均收益6美分，营业额1.07亿美元，FactSet预期营业额1.09亿美元。,2014/5/23 4:23
96,罗斯百货(Ross Stores)利润上涨4%。,2014/5/23 4:27
95,惠普CEO惠特曼称，惠普仍在按预定计划转型。,2014/5/23 4:34
94,阿罗波斯塔尔公司股票下跌13%，之前财报报道称净亏损7680万美元。,2014/5/23 4:42
93,受订户强劲增长影响，TiVo营业额跳涨30%，第一次财季净利润810万美元。,2014/5/23 4:46
92,泰国军方宣布传唤前总理英拉，英拉需要在当地时间23日10时（北京时间11时）向军方说明情况。同时被传唤的还有其他3位他信的亲属。5月7日，泰国宪法法院裁定，英拉滥用职权罪违宪，英拉随后辞职。（法新社）,2014/5/23 5:00
91,美联储的威廉姆斯：全球较低的增速可能正在压抑着国债的收益率。股市上扬得益于目前公司的强劲利润。,2014/5/23 5:08
90,德意志银行发行14亿美元3年期固定利率债券。,2014/5/23 5:15
89,美联储的威廉姆斯：联储在制定政策方面，要让人能够预测的到。,2014/5/23 5:25
88,有消息称，强生公司到2016年底将有30多种主要的产品需要审批。强生希望这能够修复医疗设备部门的增长，其医疗设备部门已经逊于它的医药业务。这家多元化的医疗保健公司称要用过新产品来促增长，同时，将更加关注新兴市场，尤其是中国和俄罗斯。,2014/5/23 5:29
87,上周，美联储M1货币供应量下降233亿美元，同一时段，M2货币供应量增加46亿美元。,2014/5/23 5:35
86,欧迪办公（Office Depot）召回140万把可调节椅子。,2014/5/23 5:38
85,美联储的威廉姆斯预期在通向货币政策正常化的道路上，要保持缓慢和谨慎，紧缩仍然是一个好方法。,2014/5/23 5:42
84,通用电气将收购阿尔斯通公司的截止日期后延。,2014/5/23 5:48
83,美国众议院22日通过改革国家安全局大规模收集美国人电话记录的决议案。在斯诺登揭秘监视项目后，美国国会迈出了限制国家安全局情报收集的第一步。决议案得到白宫的支持，但由于白宫要求修改其中条款，决议案失去民权团体和技术公司的支持。（法新社）,2014/5/23 5:57
82,联储的威廉姆斯称，联储能够提高如何传播联邦公开市场委员会预期的效率，支持改变联储Dot Plot的预期。,2014/5/23 6:13
81,优酷第一季度营收增长36%；净营收1.127亿美元；预计第二季度净营收在9.4亿-10亿元人民币。,2014/5/23 6:14
80,联储的威廉姆斯：如果联邦公开市场委员会目标明确的话，加息可能会顺利进行。预期随着QE慢慢走向终结，联储将出台直接的具有实质性的指导措施。,2014/5/23 6:44
79,由于毕业人数不断增加、就业机会相对有限，毕业生们正遭遇着“拿文凭易、找工作难”的尴尬。其中，因工作压力大、安全系数低，医学成为被吐槽次数最多的专业，“老百姓都不理解，老觉得医生都是黑心的，付出和回报不成正比！”,2014/5/23 6:33
78,Uber正在与一些基金经理协商，将募集5亿美元的资金。,2014/5/23 6:47
77,YGM贸易子公司就可能收购事项订立条款大纲。,2014/5/23 6:45
76,YGM贸易子公司商谈收购位于伦敦的若干物业。,2014/5/23 6:45
75,美国航空安全委员会督促对波音787的电池做更多的检测。,2014/5/23 6:52
74,Lipper称，一周之内净流出资金达136亿美元，应税债券基金净流入量达34亿美元。,2014/5/23 6:58
73,韩国总统朴槿惠今天将召开安全会议。（韩联社）,2014/5/23 7:00
72,今日日本央行称，日本央行储备结余将达到103.6万亿日元。,2014/5/23 7:01
71,美国4月份领先经济指标连续第四个月升高，显示美国经济在年初减速之后将会走强。,2014/5/23 7:16
70,美联储威廉姆斯：美联储到2014年底将会更加清楚何时加息。,2014/5/23 7:18
69,世界银行批准乌克兰15亿美元发展项目。,2014/5/23 7:20
68,中国证监会昨天预披露3家企业IPO招股说明书，分别为真彩文具、深圳市路畅科技和广东中迅农科。,2014/5/23 7:23
67,据财政部网站公告，2014年上海、浙江、广东、深圳、江苏、山东、北京、江西、宁夏、青岛试点地方政府债券自发自还，自发自还债券总规模为1092亿元人民币。,2014/5/23 7:25
66,通用电气应法国政府要求将标购阿尔斯通的最终期限延后至6月23日。,2014/5/23 7:28
65,香港4月份整体消费物价同比上升3.7%，3月份增速为3.9%。 ,2014/5/23 7:30
64,惠誉据称将希腊评级从B-上调至B，展望稳定。,2014/5/23 7:31
63,周小川：中国只有部分城市可能存在住宅市场泡沫。,2014/5/23 7:36
62,中国松绑楼市限购要根据市场形态而定。（中国证券报）,2014/5/23 7:36
61,援引住建部政策研究中心相关负责人报道，楼市限购令本身就是短期政策，从长远看必然要退出市场，至于在什么时间、以什么方式退出要根据市场形态而定。对限购的任何调整都需要有两个前提，即不会影响市场预期、不会造成市场大幅波动。（中国证券报）,2014/5/23 7:44
60,中国保监会预警县级融资平台。（上海证券报）,2014/5/23 7:45
59,有接近监管部门的业内人士透露，针对债权投资出现的新问题，保监会近日向保险资产管理公司下发了两份监管新规：《债权投资计划信用增级监管口径》和《债权投资计划投资县级政府融资平台监管口径》，以期从源头上防范债权投资风险。（上海证券报）,2014/5/23 7:51
58,融创中国同意以63亿港元收购绿城中国24.3%的股份。,2014/5/23 7:52
57,京东22日在纽约上市，收报20.90美元，较19美元的发行价高出10%。据有关报道，京东首席执行官刘强东的财富净值达到61亿美元。,2014/5/23 7:54
56,中国证监会在官方微博发布公告，新三板将陆续推出优先股、公司债等工具。,2014/5/23 7:58
55,一名不具名业内人士称，中石油5月12日公告成立的东部管道公司引入民资正进入资质审核阶段，而最大控盘方仍将是中石油旗下公司。,2014/5/23 8:08
54,"日股日经225指数开盘涨0.5%，至14,411.1点。日股东证指数开盘涨0.5%，至1,175.39点。",2014/5/23 8:09
53,瑞信发行50亿美元债券，为认罪以来首次基准债券发行。,2014/5/23 8:18
52,惠普继续大举裁员，据预测新增加的裁员人数在1.1万至1.6万人之间。该公司公布的第二季度营收低于预期，并发布了令人失望的业绩预期。,2014/5/23 8:20
51,美国据称在美中两国WTO汽车关税案中胜诉。 一位知情人士透露，世界贸易组织(WTO)对于美国和中国围绕汽车和汽车零部件的纠纷，已做出支持美国主张的裁定。（彭博）,2014/5/23 8:34
50,朝中社援引朝鲜军方报道，朝鲜否认昨天向韩国海军军舰开炮。,2014/5/23 8:42
49,世界银行董事会批准向中国贷款3500万美元用于支持财税、金融等领域的改革。,2014/5/23 8:49
48,证监会表示，为支持中小微企业发展，全国股份转让系统鼓励并创造条件为挂牌公司提供多种融资便利，包括优先股、公司债券等金融工具将在上位规则实施后陆续推出。,2014/5/23 8:57
47,大成基金：非标资产受限利好债市。监管部门发文对银行同业业务做出严格监管，对非标资产的扩张进一步限制，这对标准化的债券形成利好，债市有可能迎来一轮向好行情。,2014/5/23 9:00
46,"台股加权指数开盘涨0.1%，至8,978.14点。",2014/5/23 9:01
45,狗不理收购洋咖啡预计下月底公布。狗不理董事长张彦森昨日透漏，狗不理洽购美国咖啡巨头“一直还在进行当中，主要是因为海外并购程序复杂。”张彦森表示，预计下月底应该有正式消息公布。若该项交易能够完成，这将是大娘水饺、俏江南等中国品牌相继被外资收购后，我国餐饮业走出国门海外并购的第一单。,2014/5/23 9:09
44,泰铢兑美元上涨0.4%至32.48，抹去昨日跌幅。在泰国军事政变的消息发布后，泰铢兑美元昨天在曼谷市场下挫0.4%至32.60。,2014/5/23 9:12
43,人民币兑美元中间价设在1美元兑6.1681元人民币。上日中间价报6.1658，收盘报6.2350。,2014/5/23 9:18
42,香港恒生指数盘前上涨0.2%。,2014/5/23 9:22
41,国家税务总局在网站发布公告，将从6月1日起开展针对去年的减免税情况统计调查。,2014/5/23 9:23
40,"上证综合指数开盘集合竞价下跌0.1%，至2,020.11。沪深300指数开盘集合竞价几无变动，至2,130.77。",2014/5/23 9:26
39,中国4月份国际服务贸易逆差89亿美元。据外汇局网站公布消息，中国4月国际收支口径的国际服务贸易收入为202亿美元，支出为291亿美元，逆差89亿美元。1-4月，国际服务贸易逆差累计417亿美元。,2014/5/23 9:30
38,新疆爆炸案5名嫌犯死亡。执法部门正在排查是否有同伙。（环球时报）,2014/5/23 9:31
37,韩国统一部新闻发言人发表评论，称朝鲜必须立即停止挑衅。,2014/5/23 9:37
36,美商务部初裁对中国输美制冷剂征收133.47%至237.33%高额反倾销税。,2014/5/23 9:41
35,中国2014年截至5月21日电影票房突破100亿元人民币。（人民日报）,2014/5/23 9:50
34,受全球股市整体向好以及人民币贬值等因素的影响， QDII基金今年以来表现优异。数据统计显示，截至5月20日，纳入统计的102只QDII平均收益率为0.79.%，而同期A股市场股票型基金整体平均收益率-6.02%，A股混合型基金-1.96%。,2014/5/23 9:56
33,申银万国首席债券分析师屈庆将离职加入中信资管。,2014/5/23 10:03
32,中国4月份先行经济指数环比增长0.9%，至288.1。,2014/5/23 10:05
31,李克强总理敦促金融机构加大对中小微企业支持力度。,2014/5/23 10:17
30,世企研驻中国经济学家卜安德：中国先行经济指数在四月份持续增长。然而其总体增长率相比2013年下半年仍然较为疲软，并且经济指标的波动和不稳定性也有所增加。中国经济增长的放缓趋势将至少持续到今年第三季度。  ,2014/5/23 10:22
29,北京国资委：所有制改革将聚焦一级企业。北京市国资委副主任张宪平在介绍北京市国资国企改革意见重点内容时表示，到2020年要有60%的资本布到城市公共服务和特殊功能领域。在推进国有企业发展混合所有制上，将聚焦一级企业。,2014/5/23 10:29
28,"日股日经225指数午间休盘涨0.9%，至14,473.19点。日股东证指数午间休盘涨1%，至1,181.57点。",2014/5/23 10:30
27,交易员：中国50年期国债发行利率4.67%。市场预期均值4.88%。 ,2014/5/23 10:36
26,奶粉行业新规陆续落地，多位业内专家表示在多项新政作用下，为数不少的国内企业面临被淘汰出市场的可能，而进口的洋品牌却有可能增加。,2014/5/23 10:49
25,香港旅游业将取消5月24-30日所有赴泰国行程。,2014/5/23 10:50
24,海关总署发布支持外贸稳定增长的措施。,2014/5/23 11:11
23,国际货币基金组织就香港经济与银行业发布报告，重申对香港2014和2015年的经济增长预测。香港的风险因素包括房地产价格与美国缩减QE，称香港的住房负担能力仍是一项担忧。,2014/5/23 11:11
22,李克强走访国电赤峰分公司期间，敦促发展绿色和可再生能源。国务院总理李克强昨天参访国电联合动力技术（赤峰）有限公司时说，绿色和可再生能源是未来发展方向。,2014/5/23 11:20
21,"日股日经225指数午后开盘涨1.2%，至14,506.86点。日股东证指数午后开盘涨1.3%，至1,184.71点。",2014/5/23 11:30
20,"上证综指上午收盘几无变动，报2,020.62。沪深300指数上午收盘几无变动，报2,131.56。",2014/5/23 11:31
19,5月23日上海银行间同业拆放及贷款基础利率Shibor报2.5300%，上涨2.00个基点；1个月Shibor报4.0685%，下跌约13个基点，终止六连涨；3个月Shibor报5.0675%，下跌2.60个基点，刷新2013年12月5日以来低点，连续第十七天下跌。,2014/5/23 11:49
18,中国海关总署官员称5月份中国外贸出口形势将继续好转。,2014/5/23 11:36
17,高盛将2014年热能煤价格预估下调2%至75美元/吨，将2015年热能煤价格预估下调8%至78美元/吨，将2016年热能煤价格预估下调7%至80美元/吨。,2014/5/23 11:50
16,中国海关总署官员称人民币汇率贬值有利出口，完成全年7.5%增长目标需付出更多努力。,2014/5/23 11:51
15,中国海关将提出口退税率调整建议。海关总署今天在网站公布的《关于支持外贸稳定增长的若干措施》中称，海关将积极向政策主管部门反映并提出暂定关税税率调整、出口退税商品范围、退税率调整等相关税收政策建议。,2014/5/23 11:52
14,惠誉：确认以色列主权评级为“A”，展望正面。将希腊评级上调至B，展望为稳定。,2014/5/23 12:09
13,标普：上调西班牙评级至BBB，展望稳定。,2014/5/23 12:12
12,香港楼市供给增加，长江实业打折促销。港地产企业今年都将加快销售进度，亚洲首富李嘉诚旗下的长江实业在香港最新投放的楼盘打折促销，最高折扣16%。随着未来几年供应增加，香港房价面临更大压力。巴克莱预计到2016年至少下跌30%。,2014/5/23 12:21
11,摩根大通：中国5月PMI是首个经济复苏迹象，唯地产业风险大。摩根大通首席中国经济学家朱海斌在报告中称，虽然5月Markit制造业采购经理人指数的提升令人鼓舞，但经济前景仍存在很大的不确定性。房地产市场调整和制造业许多行业的产能过剩会带来下行风险。,2014/5/23 12:26
10,摩根大通：中国出口方面则将受益于美国经济回升和近期人民币疲软，促进增长措施的影响和服务行业相对稳定的表现可能会提供积极支持。预计央行采取货币宽松的可能性仍然较低。,2014/5/23 12:38
9,标普：确认土耳其‘BB+’评级，展望负面。,2014/5/23 12:33
8,瑞信调查：黄金中期表现将较差。瑞士信贷5月22日公布的一份2014年投资者调查报告显示，绝大部分受访者认为未来一年黄金将是大宗商品市场中表现最差的，而原油则会有最佳的表现。,2014/5/23 12:45
7,泰国遭军事政变，泰国央行或紧急降息。在泰国军方发动军事政变掌控该国后，泰国利率互换显示泰国央行料将下调利率，以避免经济陷入衰退。,2014/5/23 12:54
6,杭州实施楼市限降令。根据杭州市相关政府部门的规定，从今天开始，如果商品房实际成交价低于备案价格超过15%，那么将通过技术手段限制网签。在过去的一周，杭州不少降价楼盘的开发商被房管部门请去约谈，并被告知房管部门和物价部门将推出降价备案制度。（钱江晚报）,2014/5/23 13:03
5,方正证券：中国央行微调货币政策不会带来资金面宽松。,2014/5/23 13:04
4,比亚迪停牌，等待内幕消息公告发布。根据公司在香港联交所公告，下午1时起短暂停止买卖，以待刊发一份有关公司内幕消息的公告。,2014/5/23 13:05
3,日本一季度GDP产出缺口收窄至-0.3%。去年第四季度为-1.6%。收窄的原因有两方面，一是在4月份上调消费税前消费出现增长，二是企业开支随着利润增长而增加。,2014/5/23 13:18
2,法国农业信贷银行调高欧元/美元预估，调降美元/日元预估。法国农业信贷银行预测欧元兑美元汇率在6月前升至1.39美元，先前预估为1.35美元。预测美元/日元6月前为105日元；原本预估为109。,2014/5/23 13:22
1,据外媒报道，波音公司将收购航空软件公司ETS Aviation，收购金额不详。波音称收购能够使其在减少燃料消耗方面具备“竞争优势”。并购交易将在本季度内完成。,2014/5/23 13:41
0,"台股加权指数收盘涨0.4%，至9,008.22点。",2014/5/23 13:35
99,新加坡4月CPI年率+2.5%，前值+1.2%。 ,2014/5/23 13:45
98,中国4月末原油库存增加0.56%，环比减少3.61%。（新华社OGP）,2014/5/23 13:56
97,德国第一季度GDP环比增长0.8%，同比增长2.5%，经调整同比增长2.3%。,2014/5/23 14:03
96,"日股日经225指数收盘涨0.9%，至14,462.17点。日股东证指数收盘涨0.9%，至1,180.44点。",2014/5/23 14:02
95,德国第一季度进口增长2.2%，出口增长0.2%。,2014/5/23 14:05
94,瑞银香港银行家Sharlyn Wu在瑞银审查招聘程序之际离职。（华尔街日报）,2014/5/23 14:13
93,据外媒报道，俄罗斯天然气工业股份公司副董事长亚历山大-梅德韦杰夫向记者表示，俄气公司已同中方就250亿美元的天然气预付款达成初步共识。 ,2014/5/23 14:23
92,朝中社：朝鲜将派遣选手参加在韩国举行的亚运会。,2014/5/23 14:36
91,据彭博新闻社获得的交易条款书，比亚迪寻求通过售股募资4亿美元，售股价格为每股35-37港元。若需求强劲，公司可以选择增加发行1亿美元股票。价格区间较比亚迪午盘收市价格折价10.1%-14.9%。,2014/5/23 14:46
90,中投公司董事长丁学东在CNBC采访中表示，如果欧洲央行放宽政策，中投公司将考虑加大欧洲投资。,2014/5/23 14:50
89,俄气CEO米勒：俄气欧洲市场份额在增加。中国合同标志着欧洲和亚洲天然气竞争开始。中俄天然气协议将影响欧洲价格。（彭博）,2014/5/23 14:56
88,"俄罗斯能源部长Alexander Novak：俄罗斯天然气工业公司与中国签署的天然气供应协议是以美元计价、美元结算的。天然气协议是开发东西伯利亚的基础。俄罗斯希望保持在欧洲天然气市场的领先地位。俄罗斯天然气产量到2035年可能达到9,000亿立方米。",2014/5/23 15:00
87,上证综指收盘涨0.62%，上涨12.54点，报2033.84点。深证成指收盘涨0.80%，上涨57.25点，报7240.92点。,2014/5/23 15:04
86,机构称今日24时汽柴油价格上调，其中汽柴油分别上调70元/吨，折算升价93号0.05，0号0.06。,2014/5/23 15:07
85,泛欧Stoxx 600指数开盘微跌，报340.88点。英国富时100指数跌0.1%，法国CAC 40指数持平，德国DAX 30指数涨0.1%。,2014/5/23 15:07
84,发改委：据有关方面数据，1-4月，全国煤炭生产基本平稳，铁路煤炭发运7.69亿吨，同比增长0.5%。净进口1.09亿吨，增长2.9%。4月末，煤炭企业存煤8600万吨，全国重点电厂存煤7024万吨，可用21天。,2014/5/23 15:18
83,印度国家银行第四季度净利304亿卢比，高于预估的280亿。,2014/5/23 15:23
82,欧央行诺亚：欧元区经济复苏依然脆弱。法国银行业、保险业的偿付能力有所提升。法国银行业已经强化了资产负债表。欧央行将强化法国银行业信心。,2014/5/23 15:26
81,泰国央行：政变发生后泰国银行支付系统保持正常，金融市场稳定。物价变动“不大”。预计资本外流有限。如果泰铢波动太剧烈将采取行动。（彭博）,2014/5/23 15:37
80,安永:预计今年20家中国企业在美国上市。,2014/5/23 15:41
79,高德软件发布第一季度财报，净亏损4600万美元，去年同期净利润570万美元；总营收2310万美元，去年同期为3430万美元。,2014/5/23 15:52
78,中国证监会批准郑州商品交易所开展铁合金期货交易。,2014/5/23 15:56
77,台湾第一季度经济同比增长3.14%，预期3%。,2014/5/23 16:00
76,德国5月IFO商业景气指数110.4，预期110.9，前值111.2。,2014/5/23 16:00
75,德国5月IFO商业预期指数106.2，预期106.6，前值107.3。德国5月IFO商业现况指数114.8，预期115.5，前值115.3。,2014/5/23 16:01
74,德国5月IFO商业景气指数低于预期，欧元兑美元刷新日内低点1.3636。,2014/5/23 16:01
73,"香港恒生指数收盘上涨0.1%，报22,965.86点。",2014/5/23 16:02
72,证监会新闻发言人邓舸公布了新股发行承销结果的处理情况，其中我武生物、良信电气、炬华电器、慈铭体检、天赐材料、天保重装等六家存在未按实现披露原则配售股票、向投资者提供超出招股说明书信息等违规行为。,2014/5/23 16:06
71,证监会新闻发言人邓舸:5月16日证监会公布了创业板首发办法，目前证监会证组织修订创业板首发招股说明书准则等配套规则，修订后向市场公布，企业可按照上述配套措施来修订招股说明书。,2014/5/23 16:11
70,证监会新闻发言人表示，退市制度将从现阶段实际出发，总结经验教训，在征求意见基础上，推行退市制度改革，本次退市制度改革将遵循四方面原则，包括针对欺诈上市的违法行为，明确证券法重大违法暂停上市的安排等,2014/5/23 16:23
69,经合组织报告：空气污染让中国每年损失1.4万亿美元。,2014/5/23 16:35
68,德国IFO经济学家沃拉博：欧央行进一步降息不会进一步助推德国经济。预计德国GDP会在第二季度增长0.3%。,2014/5/23 16:43
67,美股26日因阵亡将士纪念日休市一天。5月27日(周二)美股正常交易。此外，26日是英国5月底银行业假日，英国股市也将休市一天。,2014/5/23 16:50
66,发改委：将汽、柴油价格每吨均提高70元，测算到零售价格90号汽油和0号柴油(全国平均)每升分别提高0.05元和0.06元，调价执行时间为5月23日24时。,2014/5/23 17:02
65,中信国际电讯澄清公告称，媒体对收购国际海底电缆资产报道属于揣测性质。（彭博）,2014/5/23 17:08
64,惠誉：泰国军事政变并不会立即触发调降该国评级。鉴于泰国政局动荡及一季度经济数据疲弱，预期将调降泰国2014年GDP增长2.5%的预估。（彭博）,2014/5/23 17:18
63,加拿大皇家银行：尽管德国Ifo商业景气指数回落，但仍然表明经济会强劲增长。,2014/5/23 17:28
62,欧央行汉森：维持利率走廊不变是十分有效的货币政策。,2014/5/23 17:41
61,国药控股将把国药控股医疗投资管理公司40%股权售予控股股东。,2014/5/23 17:56
60,巴西暂停对中国自行车部件进口的反倾销税。,2014/5/23 18:00
59,中国移动首席执行官李跃今日表示，受微信的影响，中移动去年短信量锐减少15%，今年前四个月跌幅扩大至逾20%，他预期微信将继续对公司短信业务带来较大冲击。,2014/5/23 18:04
58,汇丰控股发布2014年度大会公告，预计2014年机遇和挑战并存。第一季度相较于2013年有所放缓。将继续投资内生增长机遇。将继续推动人民币国际化。相信全球标准项目将提高业绩质量。,2014/5/23 18:14
57,证监会再发第二十五批8家预披露名单。其中，2家在上交所上市，1家在中小板上市，5家在创业板上市。加上此前二十四批披露的372家，目前已有380家企业披露招股说明书。,2014/5/23 18:17
56,今日下午国家主席习近平对中国（上海）自贸区进行了考察。 ,2014/5/23 18:31
55,俄罗斯能源部长：中俄天然气价格接近350美元/千立方米。,2014/5/23 18:33
54,文化中国传播今日发布公告，公司股东大会建议公司改名为“阿里巴巴影业集团有限公司”。,2014/5/23 18:42
53,美国投资银行太平洋皇冠维持优酷土豆股票(NYSE:YOKU)“与大盘持平”评级。,2014/5/23 18:47
52,李克强：中国经济下行压力仍然较大，经济运行总体平稳，将适时调整货币政策。要运用适当的工具、适时预调微调保持货币信贷合理增长。,2014/5/23 19:01
51,质检总局23日通报，上海通用汽车有限公司将自6月30日起，召回部分进口2009年款至2014年款别克昂科雷汽车，生产日期为2008年8月15日至2014年4月10日。据该公司统计，在中国大陆地区共涉及26579辆。,2014/5/23 18:59
50,俄罗斯央行行长：今年剩下几个月俄罗斯资本外流速度将明显放缓，预计全年资本流出850亿至900亿美元。,2014/5/23 19:03
49,印度贸易部建议对中国大陆、中国台湾地区、美国、马来西亚生产的太阳能电池征收倾销税。印度财政部必须在三个月内决定是否征收太阳能产品反倾销税。印度再生能源部对这一建议持反对意见，将向新政府呼吁不予采纳。,2014/5/23 19:07
48,俄罗斯总统普京：俄罗斯和中国将力争增加卢布和人民币交易， 莫斯科计划在2020年前将与中国的年贸易额增长逾一倍至2000亿美元，俄罗斯计划不仅从东西伯利亚给中国供应天然气，还将从西西伯利亚供应；得益于与中国的合约，俄罗斯将在东西伯利亚投资550亿美元。,2014/5/23 19:20
47,伦敦现货黄金周五早盘定盘价为1292美元/盎司，白银为19.42美元/盎司，铂金为1484美元/盎司，钯金为835美元/盎司。,2014/5/23 19:31
46,瑞银将惠普目标价从32.50美元上调为34美元，评级中性；高盛将惠普目标价上调到25美元，评级为卖出。惠普在周五盘前交易中跌0.44%，报31.64美元。惠普周四盘后发布财报，每股利润平预期，但营收连续下滑，不及预期。,2014/5/23 19:36
45,普京称俄罗斯将会与当选的乌克兰总统合作。,2014/5/23 20:01
44,普京：对于乌克兰大选，毫无疑问将尊重乌克兰人民的意愿。,2014/5/23 19:55
43,普京：中国将成为俄罗斯最大的天然气客户。,2014/5/23 20:02
42,普京：俄罗斯无意孤立自己，也愿意继续与美国在反恐等多个方面合作。普为乌危机仍有机会解决。俄方最大的担忧是乌克兰会加入北约。“明天乌克兰可能加入北约，后天美国的反导系统就会部署到那里。”,2014/5/23 20:09
41,近日，检察机关以涉嫌受贿犯罪，依法对国家能源局副局长许永盛、新能源和可再生能源司司长王骏立案侦查并采取强制措施。案件侦查工作正在进行中。,2014/5/23 20:12
40,香港高院下令安永会计师事务所交出与中国大陆客户标准水务有限公司相关的审计文件。港高院驳回了安永有关中国法律禁止其在内地的合作伙伴交出相关文件的抗辩理由，并要求安永必须解释其2010年辞去标准水务审计职务的原因，并提供所有曾参与该公司上市申请的人员名单。这是港法院首次作出此类判决。,2014/5/23 20:12
39,俄罗斯卢布走强，美元/卢布创下今年1月来新低。,2014/5/23 20:20
38,普京讲话后，黄金价格刷新日低至1286.71美元/盎司。,2014/5/23 20:24
37,加拿大4月核心CPI月率+0.2%，预期+0.2%，前值+0.3%；年率+1.4%，预期+1.4%，前值+1.3%。,2014/5/23 20:32
36,加拿大4月CPI年率+2.0%，为2012年4月以来首次，预期+2.0%，前值+1.5%；月率+0.3%，预期+0.4%，前值+0.6%。,2014/5/23 20:32
35,维萨和万事达卡周五承诺，将继续留在俄罗斯运营，并计划在当地组建自己的支付子公司。两公司表示，虽然俄议会最近通过的要求外国信用卡公司向俄央行缴纳巨额保证金的规定将使他们在俄的运营复杂化，但并不打算因此退出。,2014/5/23 20:36
34,都柏林三一学院金融教授：巴克莱受罚表明，需对黄金定盘实施大刀阔斧的改革。,2014/5/23 20:51
33,波音宣布将收购英国航空软件制造商ETS Aviation。ETS的软件被全球120多家航空公司所使用，帮助他们跟踪自己的燃料使用情况，找到减少燃料消耗和节约资金的方法。波音表示，将向购买自己飞机的客户提供ETS的服务。,2014/5/23 20:56
32,墨西哥一季度GDP同比增长1.8%，预期增长2%，前值增长0.7%。,2014/5/23 21:02
31,盛宝银行：德国Ifo数据导致欧元在周五走软。市场现在担心德国经济动能正在消退，进而强化欧洲央行6月行动的可能性。,2014/5/23 21:12
30,中投CEO丁学东接受俄电视台采访时称，该公司正积极寻找在俄罗斯的投资机会，并扩大对该国的敞口。中投目前通过与俄罗斯直接投资基金的合资公司向当地投资，自己也进行直接投资，并通过旗下一子公司持有乌拉尔钾肥公司的12.5%股权。,2014/5/23 21:15
29,意大利统计局周五宣布，假药、卖淫和走私等的产值都将成为2014年GDP一部分，去年数据将修正以体现统计办法的改变，这些调整符合欧盟法规。此举将推动该国长期以来陷入停滞的GDP数据，也有助于总理伦齐达成赤字/GDP目标。http://t.cn/RvytHVD,2014/5/23 21:21
28,知情人士透露，花旗股票交易全球主管Michael Pringle将离职。,2014/5/23 21:29
27,"道琼斯工业平均指数开盘上涨5.71点，报16,548.79点，涨幅为0.03%；标准普尔500指数上涨1.20点，报1,893.69点，涨幅为0.06%；纳斯达克综合指数上涨5.21点，报4,159.55点，涨幅为0.13%。 ",2014/5/23 21:31
26,据TechCrunch，谷歌接近完成以10亿美元收购Skybox Imaging的交易。,2014/5/23 21:36
25,巴西4月份的经常帐赤字减少82.91亿美元，预期减少65.5亿美元。,2014/5/23 21:38
24,券商Craig Hallum将VOXX(VOXX)股票评级从“买入”下调为“持有”。,2014/5/23 21:42
23,据消息来源称，三星电子将在6月至7月份推出腕表电话。,2014/5/23 21:44
22,德国财政部长朔伊布勒称，尽管存在商业利益，德国仍然准备对俄罗斯施加更大的压力。,2014/5/23 21:55
21,"铃木将在美召回184,244辆2004至2008款Forenza和Reno小型轿车，因为日间行车灯的一个有缺陷的部件可能过热并起火。这与周三通用宣布召回的28.4万辆雪佛兰存在的问题相同。两起召回涉及的车辆都是通用在韩国的工厂生产的。",2014/5/23 22:01
20,美国4月新屋销售总数年化43.3万幢，预期42.5万幢，前值修正为40.7万幢。美国4月新屋销售年化月率+6.4%，预期+10.7%，前值修正为-6.9%。,2014/5/23 22:02
19,新屋销售数据公布之后，美国10年期国债价格下跌，收益率下降2个基点，降至2.531%。,2014/5/23 22:10
18,新屋销售数据公布后，金价跌幅扩大。目前纽约商业交易所6月份交割的黄金期货价格下跌3.20美元或0.3%，报每盎司1291.80美元。,2014/5/23 22:11
17,目前伦敦黄金定盘价为每盎司1291.50美元。,2014/5/23 22:21
16,欧元/美元汇率跌幅收窄，目前下跌20个基点，报1.3634美元。,2014/5/23 22:31
15,"美东时间周五上午10:38，标普500指数上涨5.94点或0.31%，报1,898.43点，已经超过2014年5月13日创造的收盘纪录1,897.45点。",2014/5/23 22:40
14,尼日利亚预计2014年石油产量将为238.8万桶。,2014/5/23 22:50
13,在新屋销售数据公布之后，高盛公司将美国第二季度GDP增长预期从3.8%下调为3.7%。,2014/5/23 23:02
12,美国贸易代表Froman称美国在WTO赢得与中国的汽车贸易纠纷仲裁。,2014/5/23 23:02
11,美国农业部周五表示，预计2014年美国食品价格在肉类带动下将增长2.5%至3.5%，涨幅高于2013年。部分肉类的零售价已处在历史高位，并将持续上涨，预计今年牛肉和小牛肉价格将上涨5.5%至6.5%，猪肉价格将上涨3%至4%。,2014/5/23 23:06
10,克里姆林宫高级经济学家助手称，对于向俄罗斯实行制裁的西方国家，俄罗斯已经准备好实行报复的机密文件。(RIA),2014/5/23 23:06
9,途牛暴涨25%，途牛特卖欲打造在线旅游唯品会，途牛旅游网认为旅游行业的产品时效性特征，比实体商品更需要“唯品会”模式的平台，来消化行业普遍存在的供应商因控位而造成的“库存”压力，让供应商能够及时回笼资金，扩大产品规模。http://t.cn/RvyJUKM，实时行情：http://t.cn/8sdcIgy,2014/5/23 23:23
8,日本央行行长黑田东彦表示，日元兑美元汇率不大可能升值。,2014/5/23 23:08
7,挪威首相埃尔娜-索尔贝格称，我们需要稳定的石油政策，同时要实现气候目标，因此石油和天然气部门将会受到影响。 ,2014/5/23 23:10
6,俄罗斯工业部长称，俄罗斯企业面临最大的问题是缺乏筹集资金的渠道，工业基金使企业贷款得以实现。,2014/5/23 23:19
5,据消息来源称，尼日利亚7月石油出口量预计约为187万桶，6月计划出口量为180万桶。,2014/5/23 23:21
4,墨西哥财政部首席经济学家Aportela称，墨西哥的公共开支正在增加，但不会改变其低速增长的状况 。 第一季度墨西哥境内外国直接投资上涨17%。墨西哥的贷款改革有益于银行信贷。美国较好的增长前景将有益于墨西哥的出口，4月份墨西哥汽车出口数量剧增。,2014/5/23 23:41
3,欧股收盘：尽管德国IFO指数比预期更为疲软，欧洲股市仍然收高。普京讲话受到市场欢迎。,2014/5/23 23:46
2,欧洲央行科尔（COEURE）：欧元区的经济复苏不仅微弱，而且不平衡。,2014/5/23 23:47
1,欧股周五整体高收0.38%：斯托克泛欧50指数涨12.1点报3201点。德股再度领涨，DAX 30涨43.39点报9764.3点，涨幅0.45%。英股富时100跌6.26点报6814.3点，跌幅0.09%。法股CAC 40涨12.29点报4490.5点，涨幅0.27%。,2014/5/23 23:49
0,由于国内动荡的持续，泰国旅游者数量急剧下降。,2014/5/23 23:51
99,"美国股市周五午盘继续上扬，标普500指数突破历史收盘最高纪录。美国4月新屋销售超出预期。北京时间5月23日23:53，道指上涨53.52点，报16,596.60点；标普500指数上涨6.29点，报1,898.78点；纳指上涨18.22点，报4,172.56点。",2014/5/23 23:56
98,欧洲央行科尔（COEURE）：欧洲央行预期通胀率将逐渐增长至2%。,2014/5/23 23:56
97,俄罗斯国防部长称，俄罗斯已从5月19日开始从乌克兰撤军，将在20日内完成撤军。,2014/5/24 0:00
96,巴西女总统迪尔玛-罗塞夫称，政府预期对世界杯的反对将减弱，巴西不会排除世界杯期间的机会主义的运动。,2014/5/24 0:06
95,唐纳德-斯特林(Donald Sterling)同意出售洛杉矶快船队。,2014/5/24 0:12
94,"铃木汽车公司在美国市场召回184,244辆通用汽车公司(GM)为其生产的小型汽车，这些车辆的转向柱存在着火隐患。",2014/5/24 0:15
93,欧洲央行Coeure称，如果担心通货膨胀率过低、持续时间过久，我们有多种工具可用，负存款利率也是一种选择。,2014/5/24 0:24
92,多美年债券评级服务机构(Dominion Bond Rating Service)维持葡萄牙BBB评级不变，将其评级趋势从“负面”上调为“稳定”。,2014/5/24 0:27
91,美联社报告称，在亲俄罗斯叛乱分子与士兵的冲突当中，20名叛乱分子被杀。,2014/5/24 0:33
90,【欧央行Coeure：货币政策应考虑欧元汇率】身为欧央行执委的他指出，确定货币政策时应考虑欧元汇率，虽然该问题很复杂，有必要协作避免货币战争，目前没有战争，但需要构建合作框架防止其发生，G20关于避免货币竞争性贬值声明目前仍被遵守。http://t.cn/Rvya5VZ,2014/5/24 0:38
89,京东（JD）周五高开之后成阶梯状逐步下跌，走出一波逆势下滑行情。京东周四刚刚在美上市，IPO价格为19美元，目前报20.02美元，跌幅为4.21%；道指上涨0.34%。查看京东股价实时行情http://t.cn/8s0nAnB,2014/5/24 1:01
88,日央行黑田东彦：担心日元继续走强。日央行行长黑田东彦接受采访时表示，他认为日元兑主要货币的汇率没有理由上涨：美国经济复苏非常强劲，并且强于日本，因此日元兑美元不应上涨；与2008年全球金融危机前的水平相比，目前日元兑欧元仍相当强劲。http://t.cn/RvySfHE,2014/5/24 1:04
87,据官方消息，周四在Luhansk地方发生的乌克兰军方与分裂主义分子的冲突当中，至少有32人死亡。,2014/5/24 1:13
86,油田服务商贝克尔休斯公司报告称，截止5月23日当周，美国石油钻井数量为1857个，此前一周为1861个。,2014/5/24 1:14
85,花旗股票交易全球主管Pringle将离职加盟Moore Capital。,2014/5/24 1:19
84,德意志银行聘请摩根士丹利的Yoshida担任利率销售主管。,2014/5/24 1:28
83,加拿大皇家银行宣布增加优先股发行数量，优先股数量将增加至2000万，总收益将达到5亿加元。,2014/5/24 1:34
82,迅雷刚向美国证交会(SEC)提交上市申请，拟使用代码为“XNET”。文件称IPO最大融资额为1亿美元，鉴于只是初步文件，这一数据并没有太多实际意义。其承销商包括摩根大通、花旗、史迪福(Stifel)和奥本海默公司。,2014/5/24 1:37
81,壳牌石油公司报告称，在加州北部地区的一周炼油厂发生事故。这座炼油厂生产能力为每日15.6万桶。,2014/5/24 1:36
80,委内瑞拉贫困度上升至27.3%，2013年该数值为21.2%。,2014/5/24 1:42
79,据Country Financial报道，大约1/4的美国人为退休的存款是零美元，一个原因是他们没有为退休存款的意识，另一个原因是他们不太懂如何为退休存钱，更糟的是他们认为自己没多余的钱可存。,2014/5/24 1:50
78,纽约黄金期货价格周五收盘下跌0.3%，报每盎司1291.70美元，主要由于美国新屋销售数据好于预期，且美国股市上涨，削弱了投资者买入黄金期货的避险需求。 ,2014/5/24 1:51
77,周五纽约商业交易所黄金期货价格收跌0.3%，全周下跌0.1%。,2014/5/24 2:00
76,赛诺菲(SNY)公司治疗多发性骨髓瘤的药物被授予罕见病药物地位。,2014/5/24 2:17
75,巴西2013年全年腐败的成本可能高达530亿美元。,2014/5/24 2:29
74,纽约商业交易所7月份交割的原油期货价格上涨61美分，收于每桶104.35美元。周五油价上涨0.6%，全周上涨2.3%。,2014/5/24 2:43
73,美银美林报告显示，由于美国经济数据疲软，加上公司业绩令人失望，截至5月21日的一周全球基金投资者从股票基金撤走资金70亿美元，扭转了此前一周的流入趋势。全球债券基金流入资金59亿美元，连续第十一周实现净流入。,2014/5/24 3:01
72,英国国家统计局最新公布的数据显示，英国全国的私人财产总值达9.5万亿英镑，平均家庭财富为21.84万英镑。其中财富最多的10%人口，其拥有财富占全国私人财富总值的44%。相反，最穷的10%人口，其财富只占全国财富的9%。 ,2014/5/24 3:48
71,奥巴马提名住房和城市发展部 (HUD)部长肖恩-多诺万（Shaun Donovan）担任预算主管；提名圣安东尼奥市市长卡斯特罗(Julian Castro)担任住房和城市发展部部长。,2014/5/24 3:48
70,IMF货币事业部总监Vinals称，较低的风险溢价正在回归市场。,2014/5/24 3:52
69,巴西2013年全年腐败带来的损失可能高达530亿美元。,2014/5/24 3:59
68,周五美国股市收高，标普500指数刷新历史收盘最高纪录，首次收在1900点上方。拉塞尔2000小型股指数收高1.1%，收复200日移动平均线。美国4月新屋销售超出预期。,2014/5/24 4:06
67,奥巴马：房地产市场已经从危机的低点复苏过来。,2014/5/24 4:14
66,石油期货获得额外涨幅，这得益于乌克兰周日大选之前的他，阵亡将士纪念日标志着美国夏季驾车季的开始。7月交割的天然气上涨了近2美分，涨幅0.6%，一周涨幅1.7%，收盘时价格价格上，涨创自4月25以来新高。,2014/5/24 4:18
65,周五标普指数上涨0.42%并刷新收盘纪录首次突破1900点。中概股指数收高0.93%途牛大幅上涨36%，互联网板块多数走高，百度上涨2.51%新浪劲升8.16%，兰亭集势收高7.41%搜房上升5.32%，周四刚刚上市的京东下跌3.83%。,2014/5/24 4:25
64,罗素股价上涨1.1%，重新涨至200日移动均线。,2014/5/24 4:34
63,"最初,EBay并没有意识到顾客的数据被盗。  ",2014/5/24 4:39
62,自2000年以来，快餐工作者年龄主要在26岁和35岁之间波动。 ,2014/5/24 4:49
61,日本央行行长：“我认为对日元兑美元升值的预期不合理。”,2014/5/24 4:59
60,20%生活在底层的美国人的住屋费用约占他们总预算的40%。,2014/5/24 5:06
59,哥伦比亚3月份进口总额达49.12亿美元，贸易逆差达2.762亿美元。,2014/5/24 5:17
58,法国维旺迪减持动视暴雪一半的股票，动视暴雪是一家视频游戏开发公司，游戏使命的召唤就是这家公司开发的。,2014/5/24 5:29
57,墨西哥降低经济增长的预期。,2014/5/24 5:37
56,美国国务院发表声明称，去泰国旅游的游客要三思而后行。,2014/5/24 5:42
55,实验室用品提供商VWR雇佣银行为其可能的上市做准备。,2014/5/24 5:55
54,EBay可能面临欧洲就网络攻击问题对其调查。（彭博社）,2014/5/24 6:03
53,欧洲股市实现六周连涨得益于对欧元的信心上升和对中国的出口增加。（彭博社）,2014/5/24 6:16
52,YouTube的高级用户正面临一些新的变化，或许最让人兴奋的是视频的创作者可以直接从他们的粉丝那里募集资金。,2014/5/24 6:36
51,南非央行预期2014年南非经济将持续增长，通胀率仍处在可控状态。 ,2014/5/24 6:47
50,标普500指数上涨0.4% 历史上首次收于1900点之上。,2014/5/24 6:49
49,"智利石油公司（Copec）第一财季，净收入3,61亿美元，市场估值2.3亿美元；税息折旧及摊销前利润5.56亿美元，市场估值5.2亿美元；销售额60.2亿美元，市场估值62.2亿美元。",2014/5/24 6:52
48,苹果公司股价周五创下52周新高，这主要得益于苹果加快召开研发者大会和市场对苹果即将公布收购Beats Electronics的预期。周五收盘时，苹果股价上涨1.1%，至每股614.13美元，今年涨幅达9%，过去12个月的涨幅达39%。,2014/5/24 7:01
47,伦敦南部的几个郡发现的页岩油储量多达86亿桶。,2014/5/24 7:24
46,宝宝产品各路开花，基金公司资产规模突破5万亿。根据基金业协会官网的消息，截至2014年4月底，我国境内共有基金管理公司91家，取得公募基金管理资格的证券公司3家；管理资产合计达到51369.02亿元。(中国证券报),2014/5/24 7:25
45,美国国债三天来首次上涨，投资者在乌克兰选举前寻求避险。,2014/5/24 7:41
44,光明乳业收购荷斯坦牧业20%股权。光明乳业公告，公司拟以10336.94万元受让大都市公司持有的上海光明荷斯坦牧业有限公司20%股权。23日，公司与上海大都市资产经营管理有限公司签订了《关于上海光明荷斯坦牧业有限公司之股权转让协议书》。此次股权受让构成关联交易。(证券时报网),2014/5/24 7:52
43,普京说俄中两国将提高本国货币在双边贸易结算中的份额。 普京23日出席第18届圣彼得堡国际经济论坛时说，俄中两国将提高本国货币在双边贸易结算中的份额，并成立联合投资和银行机构。这些机构的建立将确保世界级大项目的融资，包括基础设施建设、矿产资源开采、机器和航空制造、高科技产业等。,2014/5/24 8:01
42,普京：出口中国的天然气源于俄罗斯东部的两个新气田，其天然气储备共计3万亿立方米，能保证对中国50年的输出量。 ,2014/5/24 8:04
41,普京：中国是俄罗斯第一大贸易伙伴，双边贸易额为900亿美元，俄中两国已确立2020年将双边贸易额翻番至2000亿美元。,2014/5/24 8:05
40,证监会：批准铁合金期货在郑商所上市交易。5月23日，证监会召开例行新闻发布会，新闻发言人邓舸表示，批准郑商所开展铁合金期货交易，具体上市日期由郑商所确定。,2014/5/24 8:19
39,海关总署出台“稳外贸20条”。海关总署23日公布《关于支持外贸稳定增长的若干措施》，注重减负让更多企业受益。海关总署计划于今年8月份开始，分层面推广实施各项制度安排和改革措施。(证券日报) ,2014/5/24 8:30
38,国家能源局3天内4官员被查。昨日，最高检对外发布消息称，检察机关以涉嫌受贿犯罪对国家能源局副局长许永盛、新能源和可再生能源司司长王骏立案侦查并采取强制措施。该消息是在最高检宣布对国家能源局核电司司长郝卫平、煤炭司副司长魏鹏远立案侦查两天后发出的。(人民网),2014/5/24 8:37
37,习近平考察中国商飞设计研发中心，体验自主研制的C919大型客机样机。总书记来到中国商飞设计研发中心，走进综合试验大厅。总书记说，一定要把大飞机搞上去。中国是最大的飞机市场，过去有人说造不如买、买不如租，这个逻辑要倒过来，要花更多资金来研发、制造自己的大飞机。(新华网),2014/5/24 8:47
36,中国商飞否认大飞机C919延迟交付传闻。公司总会计师田民表示：近年来，大型商用飞机研制采用了大量新材料、新技术和新工艺，增加了研制的难度和风险。上海飞机设计院副院长、C919项目行政指挥韩可岑：计划今年进入总装，明年年底实现首架机的首飞。(中国广播网),2014/5/24 8:59
35,国内油价今起每吨上调70元，各地加油站促销现象普遍。以北京四环一处某中字头加油站为例，汽油优惠达0.5元/升，且提供免费洗车业务。零售市场利润十分丰厚，汽、柴油收益空间分别达到1200-1300元/吨、700-800元/吨。以至于加油站促销在各地成为普遍存在现象。(中新网),2014/5/24 9:13
34,证监会：6家公司IPO承销过程存在违规。5月23日，中国证监会通报新股发行承销检查结果处理情况，决定对违规的机构和个人采取相应的监管措施。,2014/5/24 9:24
33,140亿产业资本逆市增持88公司，四大行业受追捧。统计显示，自4月11日至昨日收盘，产业资本净增持额达48.5亿元，合计斥资140亿元。从被增持公司家数占行业公司总家数比例来看，房地产9.09%、农林牧渔8.75%、建筑装8.2%和通信8.06%等四行业居前。(证券日报) ,2014/5/24 9:33
32,俄罗斯与Visa和万事达卡达成协议。Visa Inc和万事达卡公司与俄罗斯官员达成折中协议，这两家全球支付公司将能够在俄罗斯继续运营。(WSJ),2014/5/24 9:48
31,2014年全国电影票房已破百亿元。来自国家新闻出版广电总局电影局的消息，截至5月21日，2014年的中国电影票房达到100.24亿元，其中国产片56.14亿元，约占56%。业内分析，按去年增速，今年全国总票房有望达280亿元。 (证券日报),2014/5/24 10:01
30,北京警方带枪巡逻五大地铁站，启动一级防控方案。昨天起，北京市公安机关启动社会面一级防控方案，北京市公安局全员停止休假，长安街沿线的5个地铁站巡逻民警已经配备枪支。(新京报),2014/5/24 10:08
29,韩国前总理：2040年中国GDP将占世界23%。韩国前总理韩升洙在#上海论坛2014#上表示，亚洲GDP占世界29%，我们预计这一比例到2020年增长到39%，到2040年占51%。预测中国2040年GDP占世界23%，印度占16%。http://t.cn/RvyYPBr,2014/5/24 10:13
28,韩升洙：在差不多两代人的时间当中，东北亚地区现在已经从战争和贫困的阴影当中崛起，成为了一个世界关键的地缘政治和地缘经济中心。中国现在成了世界第二大经济体，日本是第三大经济体。中日韩GDP现在占到全球的21.1%，中日韩同属五大技术创新国，另外两个是美国和德国。 ,2014/5/24 10:24
27,世行任命日本人仲浩史为新副行长兼审计长。世界银行23日宣布，任命日本人仲浩史为负责风险管控、程序治理的副行长兼总审计长。仲浩史的任命将于2014年7月起生效。仲浩史在日本财务省和其他国际多边组织有二十多年的工作经历，擅长从事经济制裁、反洗钱、金融机构监管方面的工作。,2014/5/24 10:33
26,美前总统里根被曝靠黑帮入主白宫。英国《每日邮报》独家披露，一部新纪录片曝出里根竟是依靠黑帮入主白宫。里根是MCA公司旗下众多影视巨星之一，是里根弃影从政的坚强后盾。美国司法部一份秘密文件里写道：“里根整个政治生涯都受到他们的资助，他是不折不扣的MCA奴隶，完全听命行事。”,2014/5/24 10:40
25,俄威胁停止向美供应火箭引擎，美国或损失50亿美元。俄罗斯副总理与俄罗斯宇航局太空总署负责人日前表示，俄罗斯决定暂停对美出口RD-180火箭发动机，除非美国答应此火箭发动机仅用于发射非军事目的航天器。美国军事专家近日估算，如果俄罗斯实施该决定，美国将损失约50亿美元。(国际在线),2014/5/24 10:50
24,屠光绍：2014负面清单或比2013版少三分之一。上海市副市长屠光绍在#上海论坛#表示，去年我们推出2013版负面清单，对自贸区制度建设，特别在投资领域便利化方面迈出关键一步。大家很关注的负面清单，今年会进一步缩短，可能比去年版缩短三分之一。http://t.cn/RvyHMUy,2014/5/24 11:07
23,日本政府拟将他国军队列入ODA援助对象。据日本共同社报道，多名日本政府消息人士23日透露，安倍政府已开始考虑将支援他国军队，列入政府开发援助(ODA)对象。,2014/5/24 11:17
22,普华永道：北京经济影响力全球第二。普华永道昨日发布《机遇之都》报告，从十个维度对全球30个大城市打分。虽然经济总量跃居第一，但在经济影响力维度，北京以微弱分差落后伦敦位居第二。北京在门户城市维度上上升至第二名，酒店客房数排名第二。在成本、宜商环境等维度排名靠后。,2014/5/24 11:29
21,诺奖得主谈影子银行：听上去是个魔鬼。诺贝尔经济学奖得主席勒在#上海论坛#表示，中国应在以下方面学习西方，一个是如包括互联网这种对未来起到重塑作用的力量和因素；另一个是影子银行，现在的影子银行听上去是一个魔鬼，需要找到一条正确出路。发言实录：http://t.cn/Rvy8PD3,2014/5/24 11:43
20,席勒：以色列每169人当中就有1人是律师，而中国是差不多八千人当中才有一名律师，很遗憾，我没有到中国来做律师，不然就可以赚很多钱了。在美国每一千多人当中只有一名个人金融顾问，不知道这个比例在中国怎样，但是我相信这个数字一定会比较小。发言实录：http://t.cn/Rvy8PD3,2014/5/24 11:51
19,彭博调查：多数黄金交易员及分析师看跌下周金价。据彭博社最新调查显示，在接受调查的27位黄金交易商及分析师中，9人看涨(33.34%)，11人看跌(40.74%)，7人看平(25.96%)。,2014/5/24 12:05
18,北京拟发105亿地方债，支出安排将突出用于资源环境。据中国之声《央广新闻》报道，今年，北京拟发行105亿元地方债，拟安排地方政府债券资金55亿元，占地方债总额的一半之多。其中具体项目包括南水北调配套工程、长安街西延、地铁16号线、15号线一期工程等。,2014/5/24 12:51
17,据《解放军报》官方微博消息，泰国军方政变领导人、陆军总司令巴育上将原计划昨日前往泰国“华欣府无忧宫”拜见泰国国王普密蓬，就军方政变等行动做出解释，但国王拒绝见面，原因不明。,2014/5/24 13:00
16,军队公务用车订购全面实现国产化。5月中旬，由总装车船军代局某军代室验收发运的首批千余台军用红旗H7轿车，已交付部队，标志着我军公务用车订购全面实现国产化。今年年初，四总部印发的措施明确规定：“公务用车实行集中采购，选用国产自主品牌汽车。”(解放军报),2014/5/24 13:10
15,日本央行行长认为安倍政府改革速度太慢。日本央行行长黑田东彦预计其彻底结束通缩的战役将获得成功，但认为日本政府在去除繁文缛节、鼓励企业投资方面的速度太慢。(WSJ),2014/5/24 13:39
14,第八届中国上市公司市值管理高峰论坛今日开幕。在中国上市公司协会的指导下，中国上市公司市值管理研究中心、清华大学五道口金融学院和新浪网定于2014年5月24日在北京共同主办第八届中国上市公司市值管理高峰论坛。 直播入口：http://t.cn/8sDspJt ,2014/5/24 13:59
13,印度商工部建议对进口太阳能板征反倾销税。印度商工部建议对从美国、中国大陆、台湾和马来西亚进口的太阳能板实施反倾销税。之前该部裁定进口自这些国家和地区的产品价格低于正常价值，损害了当地生产商的利益。(WSJ),2014/5/24 14:09
12,经济学人智库公布全球最佳营商环境：香港第三。经济学人智库日前公布2014年至2018年全球最佳营商环境排名，前3名分别是新加坡、瑞士和香港。新加坡由上届2009年至2013年的8.56分升至8.65分；瑞士由8.41分升至8.52分；香港由8.34分升至8.39分。(中国新闻网),2014/5/24 14:24
11,九成留学生已回国或欲回国就业。“前程无忧”日前发布的海外留学生就业情况调查报告显示，九成留学生已回国或者欲回国就业。80%留学生的留学成本为年均30万元至50万元，超过半数留学生的留学时间在3年以内，总费用为100万元至150万元之间，有3.1%的留学生留学花费超过300万元。,2014/5/24 14:38
10,宋志平：国有上市公司市值一年间下降约5%。国企改革与发展研究会会长宋志平在#金融论坛#表示，2013年底，国有控股上市公司市值占A股市值69.8%。一年前，占A股市值 74.6%。这说明国有上市公司市值一年间又下降了5%左右。http://t.cn/RvyrG3m,2014/5/24 14:58
9,不动产登记“无官员禁区”？中国经营报记者了解到，部分国务院所属部委和中央、解放军有关部门，已要求所属公务人员申报个人住房等有关问题的“事项”。http://t.cn/Rvy9kQd,2014/5/24 15:18
8,美报告称全球太空行业迎来快速发展期。据美国太空基金会发表的新报告，2013年，全球在太空方面的支出达3140亿美元，比2012年增长4%，相比2008年则攀升27%。 报告说，在第一颗人造卫星发射57年后的今天，全球太空行业迎来快速发展期。,2014/5/24 15:38
7,5月CLO发行284.8亿，创历史新纪录。今年5月份的信贷资产证券化（CLO）市场提前入夏，仅5月一个月内就发行了总额为284.8亿元的CLO，创下历史最高纪录。(一财网) ,2014/5/24 16:00
6,巴基斯坦总理将出席印度新总理莫迪就职仪式 。巴基斯坦总理纳瓦兹-谢里夫已接受印度总理莫迪的邀请，将出席他的就职典礼。分析称这是一次大胆的外交行动，旨在修补印巴紧张关系。26日，莫迪将宣誓就任总理，然后着手组建新政府。 (新华网) ,2014/5/24 16:27
5,2013年前往德国移民人数超120万，达到20年来最高点。据德国《明镜》周刊报道，持续不断的欧元区危机促使越来越多的移民动身前往德国，德国联邦统计局最新数据显示，2013年进入德国的移民达到了122.6万人，联邦政府则将此视为很严重的问题。(国际在线),2014/5/24 16:40
4,索比亚宁：中国到访莫斯科的游客人数最多。莫斯科市长谢尔盖-索比亚宁23日在圣彼得堡国际经济论坛上表示，在俄中两国简化签证制度后，中国到访莫斯科的游客人数最多。(俄新网),2014/5/24 16:49
3,普京7月将在巴西出席金砖国家第6次峰会。俄罗斯总统普京7月将访问巴西，出席金砖国家第6次峰会。这是俄罗斯总统新闻秘书佩斯科夫23日透露的。(俄新网),2014/5/24 16:56
2,据俄罗斯国际文传电讯社，英国石油公司（BP）首席执行官Bob Dudley表示，美国将俄罗斯石油公司（Rosneft）的CEO列入制裁名单并不影响BP与该公司的合作。,2014/5/24 17:28
1,英国石油公司（BP）CEO表示，该公司将很快提名其在俄罗斯石油公司（Rosneft）董事会的第二名代表。,2014/5/24 17:29
0,俄罗斯第二大天然气生产商Novatek的大股东Gennady Timchenko周六表示，Yamal液化天然气项目的融资可能以卢布和人民币来结算。Novatek正与法国道达尔和中石油合作开发270亿美元的Yamal液化天然气项目。,2014/5/24 17:51
99,俄罗斯石油公司（Rosneft）首席执行官Igor Sechin表示，该公司计划到2020年将油气产量提高30%，到2025年可能提高50%。,2014/5/24 18:12
98,美国智库IHS环球透视的亚太首席经济学家Rajiv Biswas表示，随着海外劳工和业务外包所带来的收入大幅增长，预计下个十年菲律宾的经济增长速度将提高一倍，到2030年菲律宾国内生产总值将达到1.2万亿美元，成为亚太地区最大三个经济体之一。,2014/5/24 18:35
97,劳斯莱斯汽车公司宣布，任命Fintan Knight为销售与营销总监，接替将于6月底离职的Jolyon Nash。,2014/5/24 18:59
96,普京总统的首席经济顾问Andrei Belousov在圣彼得堡国际经济论坛上表示，欧盟在决定是否对俄罗斯实施制裁时应该考虑在俄罗斯营业的欧洲公司的利益，并且称，如果制裁限制了俄罗斯的外贸，俄罗斯可能会采取法律行动。,2014/5/24 19:24
95,瑞典预计今年出口额将增长4.74%，至1.13万亿瑞典克朗。预计未来五年出口额将增加3720亿瑞典克朗，其中对欧洲出口预计增长28%，对亚洲出口增长45%，对中东与北非地区出口增长42%，对俄罗斯出口增长21%。,2014/5/24 19:47
94,"德国哈雷经济研究所(Institute for Economic Research in Halle, IWH)预计今年第三季度德国国内生产总值（GDP）增幅将降至0.3%。",2014/5/24 20:04
93,英国天空新闻台援引匿名消息来源报道称，洲际酒店集团拒绝了来自美国一家公司的价值60亿英镑的收购要约，理由是报价过低。,2014/5/24 20:26
92,英国天空新闻台援引匿名消息来源报道称，辉瑞可能于5月26日发布声明，确认其在目前阶段无意向阿斯利康发出正式收购要约。 ,2014/5/24 21:01
91,德国《Focus》杂志援引匿名消息来源报道，美国传媒巨头自由全球集团预计将于第三季度完成对荷兰有线电视公司Ziggo的收购，而不是此前宣称的下半年。Ziggo首席执行官Rene Obermann将于9月离职，并将获得总计470万欧元的离职补偿金。,2014/5/24 21:01
90,意大利国家电力公司（ENEL）首席执行官Francesco Starace接受采访时称，该公司计划今年年底前出售价值44亿欧元的资产，主要是意大利以外的资产，这些出售所带来的收入将帮助该公司将债务削减至370亿欧元。 ,2014/5/24 21:33
89,据彭博社报道，俄罗斯能源部长诺瓦克(AlexanderNovak)表示，俄罗斯与伊朗正就近百亿美元的电力项目进行谈判。,2014/5/24 21:41
88,伊拉克石油部发言人称，俄罗斯天然气工业股份公司（Gazprom）已于几个月前开始在伊拉克Badra油田试生产，预计6月底将开始全面生产。,2014/5/24 22:01
87,IMF:4月份，墨西哥的黄金储备下降，乌克兰的黄金储备上升。,2014/5/24 22:12
86,通用电气公司将继续把阿尔斯通的核电站业务留在法国。,2014/5/24 22:31
85,普京称，认为他的行为是在重建苏联是大错特错的观点。,2014/5/24 22:35
84,"俄罗斯已经提出了反导弹防御系统的合作，俄罗斯在乌克兰可能面临反导弹防御系统。俄罗斯和俄罗斯人民的利益才是他最关心的。
",2014/5/24 22:56
83,普京称，中国和俄罗斯在外汇方面的合作非常重要；俄罗斯的外汇储备必须是安全的，俄罗斯需要考虑如何投资这些外汇储备。,2014/5/24 23:08
82,普京称，俄罗斯将尊重乌克兰人民的选择，可能乌克兰的一些人并不想要一个合法的总统，投票表决前的乌克兰新宪法将能说的通。,2014/5/24 23:26
81,高盛和摩根大通银行被控告密谋操纵美国锌的价格。,2014/5/24 23:41
80,加蓬共和国(Gabon)正在谋求经济多元化，而不是仅仅依靠石油。（路透社）,2014/5/24 23:55
79,普京称，俄罗斯已经准备好与日本就岛屿问题进行谈判，但是日本好像还没准备谈判的意思。,2014/5/25 0:17
78,南非总统雅各布-祖玛称，他第二任期的焦点将是南非的经济增长。国家的发展计划和经济增长的蓝图在他的第一任期内就已经绘制完毕，这些都将成为社会经济彻底变化的引擎。,2014/5/25 0:33
77,普京称，俄罗斯不会切断对欧洲的天气供应，对通向中国的西部天然气路线非常乐观，俄罗斯希望把天然气输送给正在付款的客户手里。,2014/5/25 0:53
76,普京称，期望得到乌克兰在政变之后不再加入北大西洋公约约组织的保证。新一轮冷战将不会发生，没人会对新冷战感兴趣，俄罗斯与德国的关系非常重要他和默克尔的关系仍然很好。,2014/5/25 1:07
75,土耳其总理雷杰普-塔伊普-埃尔多安称，对Soma矿难的司法调查仍在继续，感谢默克尔在土耳其矿难中给的帮助，将采取进一步的措施预防矿难的发生；德国媒体侮辱土耳其总理，土耳其的选举应该得到尊重。,2014/5/25 1:33
74,希腊、土耳其和保加利亚发生6.4级地震。,2014/5/25 1:56
73,土耳其总理雷杰普-塔伊普-埃尔多安称，德国和土耳其贸易总额超过300亿欧元，土耳其支持德国战后的发展。,2014/5/25 2:15
72,迪吕波称，比利时政府谴责犹太人博物馆的袭击，比利时将增强犹太人聚居地的安保。,2014/5/25 2:42
71,有报告称巴基斯坦政府和军队的分裂正在加深，巴基斯坦对此报告予以否认。巴基斯坦称，目前还没有决定是否取消与巴基斯坦塔利班叛乱分子的和平谈判。,2014/5/25 3:03
70,德国总理默克尔强调欧洲与美国达成自由贸易协定的重要性，但是她绝不允许从美国进口漂白过的鸡肉，这成为谈判的症结。美国和欧盟在自由贸易协定上取得进展，但是在美国牛肉和鸡肉出口问题上出口问题上仍存在分歧，因为美国的牛肉和鸡肉不符合欧盟苛刻的安全标准。,2014/5/25 3:29
69,德国停止出口大量武器，德国国家安全委员会削减2/3的武器出口执照的申请。,2014/5/25 3:48
68,索尼公司2013财年财报显示，与2012财年盈利415亿日元相比，亏损1284亿日元(约12.5亿美元)。这是索尼六年来第五次亏损，如果仍然没有让消费者眼前一亮的产品推出，索尼的前途并不光明。索尼复兴遇阻，更大的背景是日本家电在全球的没落。,2014/5/25 4:07
67,南非总统雅各布-祖玛称，他第二任期的焦点将是南非的经济增长。国家的发展计划和经济增长的蓝图在他的第一任期内就已经绘制完毕，这些都将成为社会经济彻底变化的引擎。,2014/5/25 4:29
66,普京称，西方对俄制裁会引发世界经济波动。,2014/5/25 4:52
65,今日俄罗斯报道，“反孟山都游行”组织24日在全球400座城市组织游行，抗议美国化学农业公司孟山都，试图禁止在食品生产中使用转基因有机物。游行涉及美国47个州及53个国家。“反孟山都游行”组织成立于2012年，旨在唤起人们保护食品供应、地方农业和环境的意识。,2014/5/25 5:05
64,伊朗称联合国对其原子能实验活动最新的报告证明伊朗的原子能项目是和平的。这个报告表明伊朗已经削减了80%左右的原子能反应堆。,2014/5/25 5:37
63,人民币汇率持续下调，美元转为强势，导致房企海外融资的难度越来越大。21世纪经济报道记者获得最新数据显示，1-5月房企海外融资同比去年大降，房企的资金之门又有一扇处于逐渐关闭状态，对市场的影响非常不乐观。,2014/5/25 5:55
62,在各地质检部门每年的抽检过程中，包括中石油、中石化、民营石油公司在内的加油站也皆存在因辛烷值过低、硫含量超标、以次充好而登上黑名单的个例。,2014/5/25 6:11
61,今年，意大利将把妓女和非法药物销售都算在GDP中。（彭博社）,2014/5/25 6:59
60,阿塞拜疆国家石油公司与俄罗斯石油公司签订合作协议。,2014/5/25 6:37
59,在付出了近3亿元的真金白银之后，硅谷天堂资产管理集团股份有限公司成功拿下了通威股份的独家资本运作权，这预示着其2011年首创“PE+上市公司”的并购模式再下一城。,2014/5/25 6:56
58,德国莱茵集团（RWE）将削减伊本贝尔区煤炭发电厂25.1%的产能。,2014/5/25 7:06
57,美国取消与泰国多项军事交流。路透社报道，美国国防部24日表示，因泰国发生政变，美军将取消与泰军训练及演习，美国太平洋舰队司令哈里斯上将原定于6月的访泰行程和泰国空军司令的访美行程也将被取消。泰国警察赴美学习、交流计划同样也将取消。,2014/5/25 7:31
56,AFS获私募融资：美国垂直小微贷款机构渐成气候。私募股权投资公司CapFin Partners正在大举收购American Finance Solutions的股份，后者是面向小企业的一家另类贷款机构。此项交易意味着AFS将能在未来18个月内再调配2亿美元资金。（福布斯）,2014/5/25 7:40
55,联想业绩跑赢整体PC市场，在美市场份额超越苹果。（福布斯中文网）,2014/5/25 7:52
54,"据eMarketer RETAIL报告，就从其现代简约风格的商店里获得最大销售额而言，苹果在零售行业中遥遥领先，在过去的12个月里，其每平方英尺零售空间平均实现4,551美元销售额。（福布斯）",2014/5/25 7:53
53,大约一年前，美国农业部报告显示美国农场土地平均价值较五年前上涨了12%，而同一时期得州的涨幅更高达30%。这样的增速特别为中国投资者提供了一项可对冲国内经济增速减缓的绝佳投资途径。随着中国国内的整牛价格以及牛肉消费量的不断攀升，这项新收入将必然有更大的上升空间。(福布斯),2014/5/25 7:58
52,普华永道“机遇城市”（Cities of Opportunity）排行榜：伦敦、纽约、新加坡成为全球三大最适宜经商、生活和创新的城市。之后为多伦多、旧金山、巴黎、斯德哥尔摩、香港、悉尼、芝加哥、柏林。,2014/5/25 8:36
51,Vox网站统计美国教育部数据发现，美国2012年有1600多万硕士生，相当于总人口的8%，2002年以来增加了43%。,2014/5/25 8:45
50,图解新闻。,2014/5/25 9:21
49,美银美林首席投资策略师Michael Hartnett：“美股已经处于记录最高水平，很可能会再涨一个月左右，然后会大幅回调。随着今秋失业率或降至让人不安的低水平，零利率政策或面临终结威胁，信贷和股票市场将大幅回调。”,2014/5/25 9:31
48,“末日博士”麦嘉华：我永远不会卖出我的黄金；某国巨大的信贷泡沫正开始破裂，经济大幅减速也将持续下去。,2014/5/25 9:47
47,“末日博士”麦嘉华：“西方国家没能认识到：你不能再像19世纪那样对待其他国家，中国对于邻国来说太大、太重要了，美国必须后撤。” ,2014/5/25 9:48
46,麦嘉华：“人们认为他们知道未来状况如何、央行能够做什么，实际上他们不知道。我永远也不会出售黄金，我每月都在买黄金，我不会看空黄金。当今世界，所有资产价格都高估了。”,2014/5/25 9:49
45,国研中心副主任韩俊在中国国际农商论坛上称，农村的土地是集体所有，这个“集体”指的就是农民，所以要让农民感受到自己是土地的主人，享有土地的收益。中国要打破城乡二元结构，最需要突破的土地制度和户籍制度。,2014/5/25 10:25
44,农业部总经济师钱克明在中国国际农商论坛上称，我国每年要用相当于1亿吨的化肥，等于每五斤粮食要用一斤化肥，超出国际公认安全线的一倍，化肥使用效率比国际低了大概50%，这导致土壤的残留物超标，包括重金属、有机物农药的超标大概20%。,2014/5/25 10:25
43,GlobalWebIndex研究显示，41%印度网民使用WhatsApp，美国仅3% 。,2014/5/25 10:52
42,MacroMavens总裁Stephanie Pomboy接受《巴伦周刊》采访时称：未来经济环境恶化将迫使美联储调整政策方向；投资者大多低估了QE对经济的影响，因此也低估了缩减QE的影响。 ,2014/5/25 10:56
41,《华尔街日报》James Freeman称，如Keystone XL石油管道项目无法建设，将导致项目开发商TransCanada等石油公司寻找其它方式运送产品，它们将采取一切必要措施。但石油铁路运输量飙升能够在推高粮食生产成本的同时，引发新的公共健康风险。,2014/5/25 11:02
40,高盛、摩根大通、伦敦金属交易所等被控操纵锌价。（路透社）,2014/5/25 11:09
39,有分析师认为，随着中国逐渐从投资主导型转向消费驱动型增长，需求正从“矿业转向餐饮”。随着硬性大宗商品超级周期的结束，软性大宗商品（牛奶、肉类、鱼和谷物）的溢价上升。去年，新西兰的经济增速超过了澳大利亚。,2014/5/25 11:25
38,哈佛大学教授莱因哈特表示，“有史以来持续时间最长的资本流动盛宴”已经结束――从2008年到2013年，这一盛宴支持了许多亚洲新兴国家经济的活跃发展。迫使资本流出西方、寻求更高收益率的“推动”因素正在发生逆转。而资本从亚洲新兴国家撤出，将不会伴随对其出口产品需求的补偿性上升。,2014/5/25 11:27
37,新加坡总理李显龙日前接受FT采访时表示：“在某个时候会发生一些其他的金融危机。这是资本主义制度的固有本质。你只能寄望于自己事前建立了足够牢固的防火墙，以及危机本身是可控的。但事实上这非常难以做到。”,2014/5/25 11:31
36,据数据企业对冲基金研究公司信息，激进对冲基金――定义为其经理积极地与所持股票的公司管理层讨论销售、股票回购、分红等问题的基金――2013年管理的资金达930亿美元，差不多是五年前管理数量的三倍。富事高商务咨询公司的一项研究表明，69%的激进股东希望在2014年增加使用社交媒体。,2014/5/25 11:50
35,法兴能源分析师Thierry Bros评中俄天然气协议：“中国现在有了一样压低液化天然气价格的有力武器，他们可以告诉液化天然气供应商说，‘要么你们把价格降得比俄罗斯管道输送的天然气还便宜，要么我们建设第二条连接俄罗斯的输气管，然后减少对你们的采购’。”,2014/5/25 11:52
34,根据旨在为女性开辟更多机会的非盈利组织Catalyst的一项调查，目前在《财富》500强和《财富》1000强企业的CEO职位中，女性所占比例还不到5%。Catalyst发现，在那些公司中只有大约15%的管理职位是由女性担任的。,2014/5/25 11:53
33,美国70%购彩票中大奖者最终都破产了。（CNBC）,2014/5/25 12:41
32,调查显示，美国收入顶层20%的富人31%支出用于购房，底层20%的穷人40%支出用于购房。（华尔街日报）,2014/5/25 12:45
31,恐慌指数（The CBOE Volatility Index）周五降至11.36，为2013年3月以来最低水平，这意味着投资者认为未来风险减弱。标普500指数周五收盘创下历史新高，首次超过1900点。,2014/5/25 12:55
30,欧洲智库：人民币已至均衡水平。欧洲智库布勒哲尔研究所所长贡特拉姆・沃尔夫(Guntram Wolff)称，中国想抑制经济下滑趋势并不难，但从长期看这并不明智。因为如果再回到投资拉动的老路上，很可能意味着信贷质量的进一步恶化。（财新网）,2014/5/25 12:59
29,乌克兰总统选举投票开始。,2014/5/25 13:23
28,瑞信：中国经济已触底。1、春节不再构成拖累因素；2、最近汽车和消费类电子产品的订单数据表现亮眼；3、出口数据也有所好转。,2014/5/25 13:44
27,据独立研究机构投中集团统计，2010年共有43家中国企业赴美上市，达到金融危机之后的高峰。但受做空机构受做空机构频频出击、中概股诚信危机爆发等因素影响，之后赴美上市窗口逐渐关闭，2011年和2012年中概股上市数下降至14家和两家，去年略回升至八家。,2014/5/25 14:00
26,诺奖得主克鲁格曼：复苏的只是华尔街。他称：“的确，美国避免了大萧条的重演。但是，花了六年多时间，就业率才重新回到了经济危机发生前的水平――原本应该创造数以百万计的新就业岗位，以满足人口不断增长的需求。长期失业率仍然几乎是2007年的三倍；年轻人则面临着十分不确定的未来。”,2014/5/25 14:15
25,中国糖业协会：糖业今年亏损预计超百亿元。,2014/5/25 14:48
24,高盛预计美国第一季度经济萎缩0.7% 。,2014/5/25 15:09
23,贝莱德在美面临多起诉讼，被指向共同基金收取高额费用。（FT） ,2014/5/25 15:10
22,据巴克莱，未来三年，亚太投资者将进一步向对冲基金投资150亿至350亿美元，日本和澳大利亚将领跑。（FT）,2014/5/25 15:14
21,Frost Consulting预计，全球证券相关佣金2007年至2012年间下滑了43%，至每年235亿美元。Edison Investment Research预计，同期分析师人数减半至9000人。（FT）,2014/5/25 15:28
20,报纸的“衰亡”：1950年至2013年美国报纸广告收入变化。（数据来自美国报业协会，已通过通胀调整）,2014/5/25 15:42
19,最受对冲基金宠爱的49只美股。,2014/5/25 16:19
18,牛津教授Goldin：70%的全球人口低于生育更替水平(replacement level)，只有非洲人口在显著增长，而西欧和香港、台湾等新兴经济体面临严峻的新生儿短缺问题。在很多西方国家中，孩子不再被视为资产，而被视为负担。未来将有太多的老年人，而没有足够的年轻人照顾他们。 ,2014/5/25 16:41
17,美国大城市买房年薪得多少？据BI，芝加哥：中位房价17.69万美元，月供1233美元，年薪需5.3万美元；洛杉矶：房价38.89万，月供2095，年薪9万；旧金山：房价67.98万美元，月供3200，年薪13.7万；底特律：房价11万，月供752，年薪3.25万。,2014/5/25 16:52
16,日本央行行长黑田东彦：日央行仍具有政策选项，以便在必要时进一步放宽货币政策，消除风险以促成通胀目标的达成。(日经新闻),2014/5/25 17:07
15,野村：欧元区经常帐结余依然很高情况下欧元是否会走低？我们的观点是，如果其他因素均指向欧元走跌，强大的经常帐数据不足以阻止欧元下滑。,2014/5/25 17:17
14,欧央行执委科尔(Benoit Coeure)：鉴于目前欧元区的经济复苏“温和而不平稳”，负利率是欧央行可选择的工具之一，欧央行目前的利率水平很低，但可以更低，欧央行管理委员会已广泛讨论了负利率工具。,2014/5/25 17:27
13,欧央行执委科尔(Benoit Coeure)：欧央行不但从技术上，并且从合法性上，都为负利率做好了准备...虽然过度的负利率将伤害储户，但仅略低于零的负利率影响有限，而且会刺激银行放贷；强势欧元是导致目前低通胀的原因之一，若欧元继续走强，那么央行需要进一步维护2%的通胀目标。,2014/5/25 17:31
12,欧央行执委科尔(Benoit Coeure)：欧元区经济肯定处于增长之中，最近的GDP数据已证明这点，但增长并不稳定；乌克兰危机是风险因素，但目前影响不大；欧元区通缩风险非常小。,2014/5/25 17:35
11,沙特电信公司已聘用渣打、摩根大通和NCB资本来承销其首批伊斯兰债券。越来越多的沙特公司正谋求通过债市来筹集资金。,2014/5/25 17:47
10,意大利奢侈品牌Roberto Cavalli的多数股份将售给巴林私募股权投资集团Investcorp，潜在交易对Cavalli的整体估价约为4.5亿欧元。Roberto Cavalli是由意大利著名设计师罗伯特-卡沃利(Roberto Cavalli)创立的时尚品牌。(FT),2014/5/25 17:53
9,通用汽车将小型汽车因不良点火开关而发生碰撞的事故件数提高到47起，明显超过早先公布的31起。与此同时，GM对该缺陷导致死亡人数的确认值维持在13人。,2014/5/25 18:10
8,CIBC：欧央行为何迟迟不放松政策？加拿大帝国商业银行(CIBC)周报称，此前欧央行迟迟按兵不动的理由是，总量占60% GDP的成员国适合“趋紧的”利率政策，但根据一季度的糟糕情况判断，放松政策压低欧元，更有利于欧元区整体经济复苏。,2014/5/25 18:27
7,加拿大帝国商业银行(CIBC)：据泰勒法则得出的欧元区各国适宜利率水平，应在-12%至+5%之间，德国是应实施高利率国家的代表，而适合负利率的代表则是希腊和西班牙等。目前认为利率过低的国家，占据整个欧元区GDP的60%，因此欧央行确实难下决心。,2014/5/25 18:37
6,世界最大旅店集团之一：洲际酒店集团(IHG)拒绝美国收购方价值101亿美元报价。英国天空新闻称，收购方身份目前难以确定，但多位分析师称可能是喜达屋酒店与度假村集团(Starwood Hotels &amp; Resorts)，或者是其麾下的专门投资基金喜达屋资本等。,2014/5/25 18:51
5,英国石油公司与俄罗斯Rosneft在圣彼得堡签署协议，开发位于俄中部伏尔加-乌拉尔地区的难以探寻的页岩油。由于乌克兰危机，目前西方国家正在对Rosneft首席执行官谢琴实施制裁。(路透社),2014/5/25 18:57
4,在圣彼得堡国际经济论坛上，道达尔CEO马哲睿(christophe de Margerie)也与俄罗斯Lukoil签署最终协议，开采非传统石油。,2014/5/25 19:00
3,雷石东(Sumner Redstone)过去约一周中出售2.36亿美元维亚康姆(VIA)和CBS(CBS)股份。2014年迄今他已出售这两家公司价值3亿美元的股票。雷石东持有的这两家公司股份总值约60亿美元。,2014/5/25 19:30
2,苹果谋求禁止销售三星9款较老机型。此前苹果(AAPL)在美赢得一桩诉讼，裁决认定三星侵犯苹果3项专利。虽然苹果已获得本案1.2亿美元(苹果要求补偿是22亿美元)的赔偿，但苹果认为禁售令比赔偿更重要。虽然苹果也被判侵犯三星的专利，但迄今三星还没有诉诸法律要求禁售苹果的产品。,2014/5/25 19:40
1,郑商所期货与衍生品部总监左宏亮25日在“第九届中国期货暨衍生品市场论坛”上表示，从目前的郑商所准备工作来看，第一期权规则已基本确定，基本上可满足期权上市的需要。,2014/5/25 19:52
0,中金所期货小组成员刘炜亮25日在“第九届中国期货暨衍生品市场论坛”上表示，做市商不是期权推出的重要因素，但却是确保期权市场成功的关键，在具体资格管理上，中金所将采用分级做市商管理。,2014/5/25 19:53
